,rawKAC,permutationScore
CK2a2,-252.720540137984,0
PKAalpha,-69.1148030032737,0
CLK1,-34.4344279540811,1.9
NEK3,-16.8211387179412,2
NEK4,-16.2271179939286,2
PAK1,-275.719783443677,2.8
PKCiota,-28.2058122916258,4.2
NEK1,-27.804890981314,5.6
DMPK1,-13.3914867452204,5.8
PKCbeta,-106.06133939767,6.2
TGFbR2,-33.0428229909295,6.6
PKCzeta,-46.7358665270062,7
PKAbeta,-10.2779047474759,7.3
MAK,-12.0660230787682,7.8
ICK,-15.9632911982759,7.9
CDK7,-2.09620052690327,8.7
EIF2AK2,-27.1529942467524,9.6
PKAgamma,-13.0211577970037,9.8
DNAPK,-50.6326324495635,12.2
AuroraB,-2.50308928037644,12.3
PLK1,-73.9602342663972,12.5
Pim1,-5.47816604788254,14.9
PKCalpha,-70.152801297968,16.3
NEK2,-6.86643044422374,17
CLK4,-16.2936332053273,17.5
PKBgamma,-6.68251581924099,17.7
RSK3,-8.8283319778014,18.2
PAK2,-27.1168329992866,19.7
PKG1cGKI,-33.6802204320868,20.7
PAK6,-5.68683212073882,21.7
CLK3,-14.4065441866241,22.1
FRK,-2.58767636186251,23.5
PAK5,-6.34080000803028,23.6
PKBalpha,-52.3382314760371,24.7
MAPK3,-267.550547025598,25
PKD1,-1.84891153329961,25.9
MAPKAPK3,-1.01138758418907,28.3
PAK3,-19.9499670705356,28.9
CLK2,-14.5443170847513,29.2
PAK4,-39.5208106968459,31.2
PKCepsilon,-8.09334754802394,34.2
PKG2cGKII,-6.88656373791755,36.3
MAP2K3,-8.80807181004504,36.4
MRCKa,-20.6098104378294,40
NLK,-10.3877544916786,42.2
ROCK1,-76.1887319862815,42.4
MAP2K6,-33.684038277801,44.2
CDK6,-6.46200760718942,48.4
IKKalpha,-1.7677400200487,49.7
Src,-1.8022376997882,51.6
DAPK3,-40.2734869011423,53.9
RAF1,-60.7905272994121,55.3
PKBbeta,-6.85623274491331,57.2
GRK4,-16.6201692268786,60.1
MOK,-12.127354975956,60.5
MAPK1,-149.149321018209,62.2
CaMKIV,-9.60781300209611,63.3
CK2alpha,-158.711325232619,63.4
CaMKIdelta,-6.07679614848357,64.2
ATR,-2.15347054847157,64.3
ATM,-4.84157196622225,64.6
GRK3,-7.35311957351001,65.3
GRK6,-7.35311957351001,65.3
MAP2K7,-15.545560235719,67.3
Fyn,-4.83239898322193,70.4
PKCeta,-2.51047361382697,70.4
Pim3,-0.965705262395783,71.3
CDK2,-38.2447436961241,72
PLK2,-0.578071591652513,72.6
CK1alpha,-270.675615879414,72.9
CaMKIIalpha,-154.013837312103,73.7
AMPKa1,-0.889410750013478,74.1
AMPKa2,-0.484930953611393,74.1
Fgr,-5.15285320896327,74.3
CaMKIIdelta,-7.56003429921899,75.4
BLK,-4.2403121914481,76.1
PKD2,-1.60806872588463,76.6
EGFR,-3.60677358645957,78.6
EphA1,-0.400790922602536,78.6
EphA2,-3.104291159699,78.6
EphA4,-0.39734375297006,78.6
EphA5,-0.372811395752273,78.6
EphA6,-0.372811395752273,78.6
EphA7,-0.372811395752273,78.6
EphB1,-0.396022337944277,78.6
EphB2,-0.409121582547686,78.6
EphB4,-0.334892529795037,78.6
ErbB2,-3.24614219007538,78.6
ErbB3,-3.39724312563224,78.6
FLT1,-5.79704771810758,78.6
FLT3,-0.4179118651105,78.6
IGF1R,-1.41810813397339,78.6
InsR,-4.0943757309733,78.6
KDR,-1.38972643733267,78.6
Kit,-1.04598617214762,78.6
Met,-9.39445649373226,78.6
PDGFRalpha,-0.409523752338141,78.6
PDGFRbeta,-1.16939484499025,78.6
TRKA,-1.58294029523295,78.6
TRKB,-3.1789223822421,78.6
Tyk2,-0.470079032215302,78.6
Abl2,-3.77195572758487,79.5
PLK4,-7.95390633920832,79.5
MAPK7,-1.08750677550049,79.6
CK1gamma2,-3.00264603580744,79.7
HCK,-4.67505773493052,79.8
Lyn,-4.68706537581698,79.8
Yes,-4.67637914995631,79.8
Lck,-4.69545348858934,79.9
BMX,-3.86016738458619,80
BTK,-3.86016738458619,80
ITK,-3.86016738458619,80
Srm,-3.86331248969509,80
Tec,-3.86016738458619,80
TXK,-3.86016738458619,80
EphA3,-0.924072560206465,80.5
Brk,-3.7833085422136,81.1
ROCK2,-25.9639766328157,82.7
ACTR2,-3.92678458065129,84
MAP2K5,-1.77347162736987,84.7
CaMKIIgamma,-17.9904826793287,85.6
MAP2K2,-4.11852859489413,85.7
GRK2,-53.2482305311024,86.4
ACTR2B,-0.845091776322101,87.2
ARAF,-8.06738585728823,87.3
MAPK14,-1.66750301824019,88.3
AuroraA,-27.459500994339,88.7
CK1epsilon,-4.92120539343497,88.9
MAP2K1,-23.0515265624608,89.4
MAPKAPK5,-0.797947796942553,89.4
PKCgamma,-6.2660926350303,89.7
DAPK1,-0.686027704454063,90.6
MAP2K4,-1.67560961082302,93.3
CDK3,-25.1086516634179,94.8
GRK5,-8.72416886219609,96.2
Abl,-0.213336715121877,96.5
CDK1,-254.563526771076,97
MAPK11,-30.7321607766816,97.8
CK1gamma1,0.766458988496985,98
PDHK2,0.116687920357654,98
SGK3,0.138369729564802,98
HIPK2,-16.5641298676706,98.2
MAPK8,-37.8104311933431,98.8
MARK4,-32.9062353972796,98.8
PKCtheta,-3.92704452487551,98.8
CaMKIIbeta,-7.70507217905162,98.9
PDHK4,-5.53954524944484,99.4
CK1delta,-59.130470340173,99.8
MAPK12,-21.8412875443145,99.8
TTK,0.129563962975736,99.8
MAPK13,-4.61347380846394,99.9
MAPK9,-0.38375455824698,99.9
PDHK1,-9.97556650096215,99.9
PKCdelta,-36.3225228709688,99.9
CDK5,-31.7931599535222,100
GSK3alpha,-22.878664734645,100
GSK3beta,-48.86018101157,100
MARK1,3.24856884395625,100
RSK2,0.305114212594699,100
SGK1,0.583015667844356,100
