"Kinase","e15_3","e18_3","e21_3","e24_3","e96_36","e99_36","e111_45","e114_48","e117_48","e120_48","e186_57","e186_60","e240_63","e243_63","e246_63","e240_66","e252_66","e255_66","e72_72","e273_75","e276_75","e279_75","e282_75","e285_75","e288_75","e714_78","e318_87","e321_87","e324_87","e327_87","e318_93","e321_93","e363_105","e366_108","e369_111","e372_111","e375_111","e378_111","e102_117","e105_117","e387_117","e390_120","e399_129","e405_132","e408_132","e72_138","e81_138","e84_138","e411_141","e414_141","e417_141","e420_141","e423_141","e426_144","e429_144","e426_153","e429_153","e474_177","e477_177","e480_177","e483_180","e483_183","e696_222","e699_225","e702_225","e705_225","e1288_272","e1289_272","e1290_272","e1291_272","e1292_272","e1293_272","e1294_272","e1295_272","e1296_272","e1297_272","e1298_272","e1299_272","e1300_272","e1301_272","e1302_272","e1303_272","e1304_272","e1305_272","e1308_272","e1309_272","e1320_277","e1321_277","e1322_277","e1323_277","e1324_277","e1325_277","e1326_277","e1327_277","e1328_277","e1329_278","e1330_278","e1331_278","e1332_278","e1329_279","e1330_279","e1331_279","e1332_279"
"Abl",0.3,4.5,25.3,75.4,0,0,92.7,86.7,56.6,3.9,4.4,45.1,100,46.4,4.1,96.3,98.9,50,91.6,96.3,11.6,99.1,95.3,99,99.4,100,0,0.8,0,0,1,23.5,NA,70.8,5.8,41,99.6,NA,64.7,2.3,66.7,60.9,96.8,0,0,60.1,93.6,99.9,13,2,37.4,33.8,7.8,95.7,31.8,100,19.5,23.6,5.3,29.1,44.2,55.7,87.2,7.1,37.3,18.7,85.4,85.1,46.9,99.2,71.2,98.8,99.4,51.7,95.4,93.2,87.3,66,48.4,48.8,46.6,34.9,27.3,17.1,39.9,4.8,96.5,92.2,18.6,84.4,32.7,14.2,60.5,3.5,25.6,57.6,58.7,60.3,1.3,70.8,17.8,72.8,1.2
"Abl2",58.3,4.6,26.1,48.5,0,0,85.1,85.2,76.4,34.4,7.7,0.2,100,100,88.1,99.7,99.3,75.8,11.6,78.3,71.4,84.2,99,88.5,50.8,94.1,0,0.4,0,0.1,0.5,53.3,76.2,91.2,0.1,93.6,98.3,2.6,29.6,12.6,95.9,35.3,98.3,0.5,0.2,85.1,37.7,96.7,0,0,8.5,0,0,99.2,43,99.6,76.5,57.8,3.1,14.4,54,70.3,17,100,3.6,73.7,14,12.8,7.6,9,11.6,50.7,81.9,30,8.5,19,64.7,71.3,4.3,67.3,85.7,56.4,44.2,61,73.8,96.5,82.7,54.6,5.6,60,8.9,1.9,57.8,12.5,10.4,82.8,86,79.3,41.3,12,24.7,19.7,0
"ACTR2",2.5,0.7,18.7,100,73.5,29.5,98.2,23.5,4.8,12,79.3,36.3,80.2,90.9,26.3,88.4,81.9,45.4,37.8,94.3,80,78.3,74,13.3,9.1,48.4,71.7,77.5,62.5,56.5,82.6,86.4,68.3,18.4,33.2,90.4,99.6,52.6,29.2,45.2,97.3,45.1,67.4,92.6,80,20.6,100,43.1,97.7,97.4,93.6,100,54.1,98,61.6,65.9,34,66.6,81.2,72.5,94.7,86.3,39.9,14.5,54.2,0.2,0.8,21.3,14.6,48.8,6.9,1.7,5.9,64.4,6.9,20.4,46,69,70.3,98.4,74.3,2.5,71.7,69.7,30.4,37.2,30.6,49.3,38.8,38,24.4,53.2,28,30.1,94.1,76.9,88.2,88.5,84.3,2.9,8.9,80.3,7.5
"ACTR2B",83.7,18,0.1,2.4,86,21.6,99.6,8.3,3.2,15,74,19.6,95.8,80.3,5.6,82.1,93.3,52.7,81.3,86.7,80.4,82.8,63.4,92.6,87.2,76.6,68.5,69.2,69.2,60.2,63.3,73.8,90.8,19.6,48.6,98.3,92.2,71.2,19.8,94.8,99.8,94.9,92.1,38.1,93.8,2.7,100,25.2,98.5,98.5,92.5,100,17.4,99.6,83.5,91.3,41.2,40.6,67.7,69.1,42.2,87.3,93.4,7.3,48.2,1.9,1,23.9,6,58.5,11.8,0.6,2.3,80.7,11,10.6,88.3,91.1,73.1,98.1,67.8,16.4,43.5,40.2,53.2,92.5,44.2,59.9,25.8,34.1,16.6,32,30.4,28.8,80.7,15.4,50.2,24.7,7.5,1.8,1.7,43.2,8.3
"AMPKa1",96.3,93.5,74.1,50.4,82.2,74.8,100,31.6,25.1,25.9,78.2,12.1,95.2,98.8,92.1,85.7,100,99.8,99.5,9.4,46.2,73.8,65,87.1,9.8,95,85.8,75.2,73.9,77.7,35.1,46.3,85.1,48.6,78.9,86.9,32.6,24.3,33.2,93.9,96.9,67.9,89.5,8.6,49.7,94.2,96.1,98.9,74.8,91.8,66.3,91,19.6,35.8,30.8,80.6,14.5,41.8,19.5,16.6,3.3,24,66.5,49.7,97.2,17.7,7.4,2,73.7,100,75.1,41.1,68.2,23.1,1.9,49.1,67.8,73.4,95.9,89.6,28.7,69.7,26,33.2,22.1,100,90,11.8,47.1,47.2,15.6,84.3,6,88.7,96.1,87.2,84,66.3,17.1,25.4,12.5,24.2,33.3
"AMPKa2",94.3,96.8,95.6,85.2,38.8,74.4,100,21.4,16.3,26.1,23.5,1.8,96.9,99,86,91.8,100,99.9,99.5,72.8,63,91.8,89.5,99,47.6,100,84.8,88.5,87,95.6,58.6,56.8,90.6,47.3,87.7,88.7,80.1,62.8,43.7,87.8,95.8,29.6,97,5.4,58.5,79,94.7,99.7,98.2,99.4,89.5,98.4,0,29.6,39.4,51.7,1.4,32.2,15.7,13.5,0,2.3,58.6,0.4,95.6,0,13.6,6.7,67.9,100,51.9,74,76.9,25,3.8,57.7,55.4,75.8,68.1,84.7,19.4,40.4,34.5,19.7,35.1,100,62.4,2.6,33.9,20.7,13.6,85.6,11.5,99.1,99,72.9,59.5,34.5,4.6,24.7,20.6,24.4,21.8
"ARAF",96,86,93.1,6.9,88,63.1,4.7,84.1,68.3,73.9,79.7,92,45.9,31.1,55.6,14.8,26.9,38.5,22.3,23.6,64.1,94.2,98.1,74.1,93.3,78.1,78.9,78.9,67.6,81.7,61.2,9,30.3,73.2,52.2,53,56.5,47.3,25,60.1,2.6,36.6,98.6,64.9,10.4,82.9,45.5,79.4,30.2,47.4,11.4,34.9,82.7,39.2,24.2,52.3,73.8,24.6,27.4,38.7,11.3,88.2,16.1,40.9,93,8.4,1.3,2.3,0.7,0.3,1.9,0,16.7,7.2,4.7,13.6,7.2,62.2,69.7,61.5,51.4,30.9,64.7,54.1,21.2,91.2,99.4,78.4,96.6,85.1,36.7,27.4,3.2,38.9,0.5,53.7,52.6,31.6,77.4,54.7,72.8,60.9,77.3
"ATM",32.9,76,19.3,2.9,99.9,73.8,82.9,88.9,93,65.5,99.5,77.9,12.6,3.7,35.3,12,12.4,21.3,100,75.6,93.8,89.9,56.2,96.1,9.6,9.8,67.7,23.9,49.6,40.9,39.2,55.3,89.2,38.4,25.9,99.2,99.5,63.6,8.9,97.1,10.5,100,100,73.2,90.3,100,98.1,95.5,4.4,64.8,49.7,1.1,1.3,35.1,82.9,32.1,92.7,40.4,58.3,7.8,87.9,91.3,0.2,21.4,33.1,31.7,4,26.6,60,52.2,62,41,46.7,82.6,49.4,73.4,90.1,39.6,76.4,98.4,95.6,37.9,98,76.3,78.7,83,56,54.9,96.1,58.4,71,83.2,19.2,87.1,8.1,62.5,63.6,83.3,84.7,99.8,95.3,97.2,98.6
"ATR",13.2,49.2,18,1.3,100,61.1,58.1,53.1,53.9,11.2,98.7,67.6,21.7,13,42.6,44.2,17.1,18.5,100,66,87.8,37.3,48.5,79.5,61.3,5.1,65.1,24.5,54.8,50.8,71.1,66.8,60.9,49.9,13.3,86.6,99.2,30.3,0,29.8,3,100,100,78.1,85.1,99.9,100,100,0.4,11.4,8,4.6,0.6,28.8,11,71.7,85.4,34.5,43.6,9.8,67.7,79.3,0,26.8,83.5,60.2,15.5,49.4,81.9,94,65.6,63.1,99.6,99,94.9,95,98.5,99.2,33.1,98.1,97.7,85.9,80.4,75.7,78.3,85.4,61.4,85,98.7,63.3,88.4,99.1,38.6,91.6,25.3,47.6,59,83.3,82,99.9,100,100,99.5
"AuroraA",0.9,23,5.2,4.4,85.3,100,100,80.5,24.9,28.4,32.8,95.6,55,23.4,27,73,48.8,21.8,98,65.7,10.4,2.5,0,81.1,69,18.1,96.6,97.2,88.1,96.6,81.3,89.9,99.4,73.7,0,0,0,6.1,0,0,2.3,9,0,97.6,36.9,94.6,4.2,31.2,82.8,78.8,69.3,0,0.3,89.9,72.7,50.2,23.2,6.3,16.6,27.5,0,0,100,98.8,77.9,100,0.5,10.4,0.1,0.1,0,0.8,0,5.9,0,0.1,6.5,33.4,47.3,3.1,100,95.1,5.9,24.3,0,1.6,100,100,100,100,100,100,66.6,100,91.4,11.5,7.2,13,2.1,99.4,48.1,67.7,28.5
"AuroraB",42.8,98.8,58.2,66.9,97.3,99.2,95.2,41.8,25.8,57.2,9.8,13.6,60.3,21.1,40.6,95.3,4.8,4.3,98.6,2.2,0,0,0,73.8,87.2,47.3,95.4,95.3,91.1,96.3,38.9,26.5,99.1,70.7,1.2,0.6,0.1,35.2,20.4,5.8,31.5,1.6,43.5,99.4,98.1,99.8,30.9,7.8,96.4,95.4,95,3.2,37.9,99.7,99.6,99.6,94.5,92.4,93.2,79.8,0,2.1,99.3,52.8,12,100,52.2,62.2,21.1,36.9,5.7,57.3,16,91.7,5.1,3.5,68.1,79.2,77.5,91.7,100,97.4,80.4,80.1,0.7,47,100,100,98.1,100,100,99.9,65.6,77.1,99.3,2.3,6.6,7.1,5.4,98.3,65.1,71.1,33
"AuroraC",87.8,88.9,65.3,75.7,71.1,48.7,94.7,7.6,41.8,12.8,68.8,22,13.4,21.6,81.3,40.6,73,88,4.8,73.3,60.7,12.4,1.1,16.5,15.2,28.6,67.9,57.7,NA,NA,78.5,21.3,35.6,NA,20,5.1,85.4,94.3,24.2,20.3,85.6,67.4,9.8,19.6,25.5,8.6,5.9,68.7,83,69.7,82.4,36.6,40.6,79.5,40.6,64.3,30.6,NA,NA,NA,19.6,4.3,96.8,89.7,40.8,93.9,22.8,31.4,16.8,21.1,6.1,24.5,5.5,44.6,16,14,9.6,18.7,24.2,16.7,77.5,16.4,67.2,48,17.3,34.9,98.3,92.4,80,98.9,97.6,61.1,76.3,89.8,88.2,33.2,34.9,19.3,12.3,99.4,74.6,54.5,31.3
"BCKDK",61.9,62.1,69.8,44.3,51.5,83.7,53.2,14.3,61.6,62.9,90.3,50.2,27.7,64.7,47.7,76,69.5,71,53.9,75.3,71.8,64.9,93.8,75.3,66.4,16.8,NA,NA,NA,NA,NA,NA,2.9,24.2,100,56,44.9,NA,77.3,63.7,24.8,56.8,33.3,86.3,85,22.3,55.2,45.7,27.6,40.1,10.1,19.7,72.3,37.8,33.3,36,88.8,31.1,39,44.7,81.4,93.1,12.8,2.6,68.8,29,73.9,92.9,81.2,97.7,76,46.3,36.5,49.6,8.6,32.5,37.1,43.7,65.1,52.9,34.4,49.7,57.8,33.9,22.9,83.4,45.7,69.3,62.6,33.9,74.3,67.2,53.4,75.7,77.9,NA,NA,NA,NA,NA,NA,NA,NA
"BLK",58.1,4.8,24.7,43.9,0,0,84,83,80.2,52.7,25.8,0.2,100,99.9,87.3,99.6,100,81.8,12.6,77.8,67.6,85,99,81.8,33.8,98,0,0.9,0,0.1,1.4,61.6,76.3,91,0,94,98.9,2.6,39.3,18.9,97.2,32.1,97.6,0.2,0,90.5,30.8,93.6,0,0,5.3,0,0,99.7,38,99.8,84.6,54.1,2.7,15.9,60.5,71.8,11.5,100,3.3,76.3,15.3,12.9,8.1,9.1,12.7,53.3,84.7,30.8,9.7,22.6,63.1,71.3,4.9,65.2,86.8,56.1,44.8,61.9,75.5,95.3,74.2,54.3,7.6,57.2,14.8,2.9,60.9,28.6,10.7,84.9,87.6,80.4,40.8,15.2,22.9,21.7,0
"BMX",61.8,5.4,28.6,51.6,0,0,84.5,85.4,76.5,34.1,8.3,0.3,100,100,88.1,99.7,99.3,76.8,10.9,77.2,70.4,84.2,99.1,87.6,51.2,94.5,0,0.4,0,0,0.5,53.3,76.2,91.2,0.4,94,98.9,2.5,27.9,11.6,95.4,35.1,98.1,0.6,0.1,91.9,35,96.6,0,0,6.8,0,0,99.2,28.5,99.6,76,59.1,3.2,14.7,56.9,70.4,17,100,3.3,73.9,13.9,12.8,7.6,9.2,11.2,50.9,82.6,29.2,8.7,19.2,64.6,71,4.6,66.9,86.9,56.4,44.9,61.4,73.6,96.3,83.1,58.3,6.7,60.6,11,1.9,54.7,13.5,9,82.5,86.2,79.1,41.1,12,24.6,19.7,0
"Brk",63.5,5.2,28,50,0,0,84.3,85.2,76.7,33.2,7.6,0,100,99.9,87,99.7,99.8,79.6,11.2,77.8,70.3,84.6,99.2,88.2,51,97.6,0,0.4,0,0,0.5,52.9,76.1,91.2,0.1,94,98.6,2.5,28.7,11.5,95.3,35.6,98.3,0.6,0.1,95,33.6,96.2,0,0,6.1,0,0,99.4,30.7,99.7,77.1,54.4,2.1,12.5,56.7,67.2,16.2,100,3.4,74,13.8,12.8,7.1,8.9,10.9,49.3,82.2,28.9,8.4,18,65.1,71.1,4.2,66.9,86.6,55.5,43.9,59.6,72.7,96.4,81.8,56.4,6.5,59.8,9.3,1.9,56.8,12.5,9.7,82.7,85.9,78.9,40.6,11.7,23.8,19.7,0
"BTK",63.1,5.5,29,53.7,0,0,84,85.5,76.6,34.1,4.5,0.3,100,99.9,88.4,99,99.9,76.8,10.7,71.1,70.4,84.4,98.7,86.2,51.2,98.1,0,0.4,0,0,1,57.8,74.8,88.5,0,94,98.9,2.5,25.4,9.3,95.9,36.1,97.9,0.1,0.1,93.5,35.8,92.2,0,0,5.7,0,0,99.2,30.1,99.6,76.2,61.3,2.6,17.1,61.9,72.6,18.9,100,3.3,65.9,15.7,14.1,9.6,10.2,13.3,57.9,86.8,28.2,19.8,30.7,65.9,69.3,4.7,61.3,85.8,54.1,44.4,61.4,73.1,96.7,92.2,80.8,13.8,78.8,28.6,4.3,59.2,8.4,6.8,82.2,85.9,81.3,47.9,12.2,22.7,29.2,0.1
"CaMKIalpha",9.6,45.1,50.2,18.9,95.3,43.9,65.1,100,94.7,76.7,63.5,94.2,77,93.8,30.3,35.9,34.1,82,85.1,15.2,93.4,98.4,40.1,27.7,32.2,57.6,99.4,3.7,82.6,55,96.6,85,74.9,20.7,52.9,0.6,99.9,35.7,63.7,55.3,55.1,66.1,83.2,21,14.3,74.8,0.7,5.9,29.9,57.9,46.1,73.4,80.6,65.2,22.5,20.3,2.6,19.4,80.3,39,13.2,38.6,48.5,100,99.7,55.6,30.3,82.6,23.3,12.7,9.7,23.9,77.7,83.7,7.2,21,36.9,99.8,10.1,96.5,98.6,95.8,87.7,79.1,91.2,98.8,5.3,19.9,96.5,3.4,6.2,79.7,24.1,24.8,25.2,32.2,61.2,50.2,52.1,11.7,81.4,38.1,10.8
"CaMKIdelta",95.6,7.9,80.3,93.3,NA,NA,79.9,94.8,90.5,22.5,68,16.2,NA,NA,NA,NA,NA,NA,51.9,92.7,64.4,58.9,49.4,81.1,96.5,37.2,NA,NA,NA,NA,NA,NA,NA,NA,NA,NA,NA,NA,55.1,91.3,71.5,12.3,79.2,NA,NA,NA,NA,88.9,50.3,29.1,10.5,96.1,92.4,3,12.8,18.3,90.6,NA,NA,NA,NA,NA,44.7,NA,NA,NA,3.7,2.6,0.1,6.5,7.9,0.8,1.5,7,19.1,0.1,44.3,7.2,50.8,14.7,16.6,29.2,4,0.5,28.9,7.9,71.2,75,87.2,72.7,75.9,70.4,56.8,63.1,27.5,NA,NA,NA,NA,NA,NA,NA,NA
"CaMKIgamma",NA,NA,NA,NA,28.6,10,53.1,NA,NA,NA,NA,NA,NA,NA,NA,NA,NA,NA,27.2,NA,92.8,NA,89.2,75.2,91.4,NA,NA,NA,NA,NA,NA,NA,NA,NA,NA,11.9,34,NA,30.7,35,61.5,NA,NA,NA,NA,NA,NA,23.8,NA,NA,NA,NA,NA,13,75.8,25.4,91,NA,NA,NA,NA,33.8,NA,NA,NA,NA,3.8,2.8,0.2,29.6,10,2.3,1.1,0.5,0,0.6,14.5,17.3,98.7,99.9,100,100,99.9,100,99.6,99.9,NA,NA,NA,NA,NA,NA,NA,NA,NA,NA,NA,NA,NA,NA,NA,NA,NA
"CaMKIIalpha",100,100,100,100,0.3,0,77.8,79,82.7,84.7,47.5,0,100,55,0,100,100,3.9,99.6,0.5,0.5,34.8,96.5,61.9,99.9,100,78.8,99.9,95,100,62.3,99.9,100,99.1,64.1,99.8,100,98.1,92.2,100,85.5,91.2,100,100,100,86,100,100,100,100,84.2,100,0,100,100,100,99.9,97.4,99.8,99.7,0.9,98.7,5.6,11.3,99.9,59.3,0.1,46.3,22.6,100,97.1,24.3,96.2,85.5,10.8,24.1,1.6,14.5,0,63.5,3.3,13.9,55.7,23.2,9.4,53.8,0,0,0,0,0,0,3.8,39.5,8.7,11,3.5,1.1,2,89.9,1.7,11.9,4.2
"CaMKIIbeta",76,56.1,94.8,50.9,49.5,3.9,90.2,7.4,16.8,36.9,28.5,26,94.4,60,2.2,78.3,85.9,67.8,91.8,0.4,3.2,13.6,85.6,0.9,26.4,88.9,93,76.4,92.6,90.5,70.6,50.7,95.9,58.2,85.3,96.5,98.2,62.8,26.2,66.6,16.7,5,82.3,47,94.8,98.8,89,28.8,83.6,94,31.4,97.2,69.5,100,90.7,95.9,79.3,71.7,73.1,67.5,78.9,81.9,81.3,67,88.2,45.6,65,92.2,77.8,99.4,90.8,26,68,96.5,64.6,37.9,96.7,99.3,24.6,94.5,65.7,78.6,58.6,75.4,59.3,74.9,2.1,1.8,92.5,3.1,2.9,93.2,73,79.6,84,1,3,3.6,7.7,76.3,25.4,49.8,20.2
"CaMKIIdelta",98.6,93.6,99.9,79.3,6.6,2.7,89.1,88.5,27.3,46.3,50.3,13.3,97.5,75.2,0.2,90.7,91.4,38.5,91.4,0.9,0.8,38.8,83.9,0.3,25.1,79,99,31.4,83.2,67.2,89.3,57.7,87.3,77.7,91.9,96.3,99.1,39.9,10.5,50.8,19.2,26.5,93.5,98.4,100,90.5,98,21.8,82.2,84.9,36.7,98.6,87.9,99.7,79.8,97.2,90.5,67.6,36.8,19.9,95.8,86.2,69.7,93.6,78.3,70.3,84,74.2,8,90.4,76.8,0.8,14.2,9.8,32.4,0.1,69.3,36.7,25.5,21,2.2,36.9,2.1,0.4,5.5,1.8,1.1,1.4,77.9,0.8,2.2,72,22.7,25.4,38.6,0.3,1.5,0.6,1.2,6.5,32.4,28.9,43.6
"CaMKIIgamma",97.4,90.5,97.8,63.4,4,6.5,78.6,6.4,17.4,60.3,5.6,16,98.5,88.6,3.2,94.7,95.8,48.9,68.2,7.4,21,23.5,58.1,1.8,80.5,98.3,74.1,50.4,64.6,80.9,85.6,27.4,78.7,76.7,85.8,85.9,72.9,23.3,41.4,88,84.8,31.1,97.9,85.2,99.2,46.8,84.8,91.7,99.7,99.9,95.5,99.9,53.6,100,82.9,94.8,89.1,53,87.8,71.3,17.3,69.9,54.8,65.8,65.4,79.7,10.7,43.8,27.5,53.6,44.8,1.5,19.8,36.8,8,5,9.1,38,2.6,9.8,1.3,9.2,11.3,31.2,16.5,0.8,5.1,3.1,64.5,5,3.4,44.6,41.2,23.9,47.6,37.2,25.2,40.7,63.5,78.4,32.3,52.1,38.5
"CaMKIV",50.2,8.1,7.6,1.8,57.7,17.2,57.9,99.3,22.4,58.7,85.2,66.3,46.1,40,42.5,43.4,52.9,17.1,18.6,9.9,48.4,39.4,13.5,64.9,14.5,22.3,99.6,12.7,70.1,92.6,96,88,72.5,18.2,59.6,47.3,72.6,55.4,27.4,40.8,50.8,78.7,94.8,37.8,41.3,26.2,26.8,75.4,7.5,90,0.6,58.3,0.1,73.4,27.8,4.5,4.2,16.8,41.8,31.4,2.9,37.4,37.3,68.3,22.2,85.1,18.2,51.6,4.9,3,4.7,5.3,44.5,17,0.1,4.7,1.1,12.1,71.8,56.8,75.2,27.3,79.8,81.6,78.1,65.8,30.3,11,67.5,42.4,10.4,10.7,58.2,69.6,5.1,22.8,36.5,30.9,19,18.6,94,85.5,50.9
"CDK1",0,0.1,0,0,97.7,100,100,95.8,83.8,20.8,99.9,100,36.3,1,5.7,8.5,0.2,13.7,54.5,96,99.9,100,75.7,98.5,35.4,0.4,100,97.9,98.4,99.3,100,94.2,63.7,0,0,0,8.2,10.8,0.1,0.1,0.3,0,0,1.1,35.9,90.7,0.8,0.2,26.6,62.7,66.9,0,1.3,69.2,77.1,4.6,94.8,14.4,1.7,12.3,0,0,100,100,6.7,100,35.6,40.9,1,6.3,0,85.6,0,3,0,63.8,39.7,25.5,84.7,35.4,100,99.1,91.5,20.9,3.3,2.7,100,100,94.8,100,100,99.2,60.7,100,97.8,0,0,0,0,5,96.2,41.3,0.4
"CDK2",0.3,0,0.2,0,76.2,92.1,83.7,80.6,42.2,21.2,99,100,42.2,8.1,36.2,10.8,4,54.4,21.7,73.3,80,100,56.2,88.7,56.5,3.8,100,95.4,93.9,97.6,99.9,81.2,25.5,0,0.7,9.1,83,23.8,29,25.6,39.5,5,0,25.5,12.8,98.1,17.1,56.2,52.8,81,77.6,0.7,39.2,23.6,57.1,6.3,98.4,30.7,20.6,16.2,0,0.1,98.9,0,8.3,98.2,49.8,30.1,10,38,29.1,98.3,41.2,27.2,59.2,80.1,34.6,55.7,93,95.6,79.5,94.7,98.8,51.2,87.9,67.9,98.8,82.8,36.2,83.5,95.5,49.8,17.1,99.4,71.3,0,0,0,0,13.8,65.7,17.5,0
"CDK3",0,0,0,0,100,100,95.4,79,29.6,4.8,100,100,0.2,0,72,1.5,0.1,44.7,93.5,92.8,97.8,100,57.1,57.6,8.3,0,100,99,99.1,100,100,93.7,1.3,0,0,0,58.6,23.8,39.5,77.8,15.7,0,0,0,21.5,3.8,8.2,22.8,67.6,99.8,66.3,0.5,82.3,18.6,89.1,1.8,95.6,9.7,1,5.8,1.8,0.1,100,2,1.3,99.5,99.4,87.4,14,82,0.2,100,0.2,0.2,11.9,68.2,35.6,25.8,74.6,65,99.1,99.4,99.9,0.2,66.8,0.3,100,98.2,74.4,100,100,94.1,57.2,100,98.4,0,0,0,0,0.8,99.2,66.8,0
"CDK4",70.6,38.3,29.4,18.7,83.7,95.4,96.6,51,28.6,11.2,57.8,85.5,33.8,6.3,26.2,25.1,51.2,83.4,78.1,53.4,67.3,98.2,19.9,83.7,55.9,14.2,86.2,53.4,57.2,76.8,75.8,61.1,83.2,72.5,0.5,85.8,98.6,96.3,14,17.3,14,99,84.4,89,85.7,49.9,75.5,94.5,93.6,94.6,83,88.2,0.1,48.9,71,36.1,71.7,42.7,4.6,3,5.7,24.8,57.3,0.2,13.7,41.9,87.3,52.7,11.4,98.7,75.8,78.7,94.7,44.7,44.3,68.9,34.6,31.6,85.2,41.8,22.5,79.8,66.9,27.3,93.3,42.8,76,36.3,58.1,23.1,55,56.6,3.9,79.5,65.5,0.5,0.8,0.6,0.6,31.3,92.7,76.4,32.8
"CDK5",0,0,1.5,60.3,84.9,98.3,100,43.4,68.3,13.6,99.1,100,9,0.9,47.9,1,0.1,14.4,79,32.9,75.1,97.8,37,15.9,18.3,4.4,100,83,99,98.4,100,92.4,11,1.3,0.9,3.1,48.6,15.5,96.5,92.7,98.7,0,21.1,1.1,50.6,42,11.4,86.4,73.8,91.1,79.5,81.6,74.2,9.6,67.4,2.1,97,50.2,46.2,62.2,0.6,0.2,87.9,40.2,7.2,74.6,75.2,65.5,71,48.5,50.9,98.1,59,81.3,88.9,98.2,79.7,73,85.2,86.4,22.1,94,99.7,98.2,93.5,64.8,97.8,46.6,60.7,58,99.8,66,0.1,100,64.4,0.1,0.2,0.6,0.1,0.4,20.2,8,0.4
"CDK6",37.6,22.4,0.2,6,77.9,80.9,81.9,64.8,18.8,61.5,79.5,15.5,35.6,23.1,36.4,12.9,6.1,70.1,26.8,29.6,86,91,27.2,83.5,72.8,12.2,99.7,76,61.3,66.8,99.6,94.5,96,34.1,99.5,37.7,29.9,65.6,37.7,3.8,5.7,96.3,8.8,98.8,62.2,94.8,89.8,89.1,55.3,89.2,69.1,15.8,11.5,55,62.9,40.6,26.6,26.6,26.4,22.4,26.8,14.3,36.8,0.1,48.4,47.6,38,80.2,24.2,54.8,48.6,61.6,65.9,92.4,25.2,44.6,55.3,82,80.6,76.7,88.6,96.4,95.9,77.2,71.1,79.9,71.7,63.3,84.5,66,40.1,60,9.3,35.3,12.6,1.5,1.3,1.4,0.5,42.2,77,50.5,20
"CDK7",96.8,50.8,4.5,14.3,96.1,98.9,99.9,67.9,15.7,41.2,60.3,78.4,19.2,28.4,77.8,64.7,39.3,34.2,69.6,55.4,79.4,67.9,34.8,7.9,19.5,3.9,100,92.2,65.1,87.1,65.4,99.4,25.3,99.8,36.8,1.8,21,27,58.8,10.7,100,99.7,15.7,91.1,29.5,32.5,46.5,83.7,99.2,100,99.3,100,68.5,50.6,80.9,55.4,92.8,55.2,13.6,5.4,39.1,28.3,10.6,0,6.4,54.5,89.1,92.6,93.7,98.6,69.3,97.6,92.9,17.9,33.6,54.3,34.1,21.5,20.9,36,13.8,13,71.4,15.6,54.8,7.8,54,3.8,29.5,47.8,72.7,14.8,38.2,99.7,24.4,54.1,40.3,64.1,17.9,0.8,53.2,79.3,5.8
"Chak2",71.1,84.4,42.5,76.5,42.8,76.2,10.7,3,1.5,21.3,98.9,19.4,43.8,58.9,65.4,25,6.8,9.5,59.2,68.6,38.3,37.6,52.4,19.6,37.5,29.2,NA,NA,NA,NA,NA,NA,96.9,26.2,51.4,0.7,69.3,45.7,38.4,99.9,78,64,17.4,36.9,60.5,25.4,1.7,28.6,33.7,27,33.3,9.2,94.1,29.9,52.9,24.5,96.4,72.1,16,19.3,18.2,81.4,52.3,73.5,82.8,28.5,22.9,8.3,10.9,2.4,31.7,72.1,21.1,0.8,24.3,47.6,1.7,2,16.7,18.2,1.8,1.8,24.9,10.9,86.3,5,45.3,45,44.1,76.4,59.4,82.3,91.8,76.3,93.5,21,60.6,44.4,35.5,25.4,24.2,99.9,63.6
"CK1alpha",19.6,2.7,0,1.3,85.2,99.1,98.3,92.2,85.4,66.8,100,100,0,0,94.4,0,7.3,90.3,40.6,60.1,96.6,100,63,42.5,23.8,0,100,99.7,99,100,100,100,99.3,70.3,1.7,0,72.8,39.7,22.6,36.3,100,0,100,100,100,49.7,15.2,18.8,100,100,96.6,99.7,99.6,67.4,99,4.4,92.1,3,3.7,0.7,52.2,99.9,5.3,100,44.8,99.9,0,0,1.6,10.6,0.4,0,22,68.8,0.8,91.4,98.4,82.9,99.9,100,100,99.9,96.3,99.4,92.6,98.4,99.7,92.3,97.8,99,99.9,98.1,12.3,100,59.1,0,0,0.1,0,0.3,97.5,62.1,51.2
"CK1alpha2",99.1,88.8,40.6,93.3,13.9,76.2,57.1,83.9,89,80.1,68.8,53,45.2,65.6,78.4,23.9,49.8,77.2,47.4,8.4,4.8,7.4,13.9,87.7,87.1,2.3,28.9,64.6,NA,NA,NA,NA,98.4,70.9,22.2,7.3,60.3,27.1,88.1,89.2,7.5,66.5,89.1,46.1,24.2,0.7,81.9,69.2,NA,NA,NA,NA,NA,30.9,18.2,17.6,4.3,5.2,12.6,20.2,77.5,96.6,14,43.3,73,32,18,28.7,28.2,41.2,36.6,41,18.5,71.5,16.2,65.1,43.4,23,40.3,16.7,46.1,23.2,45.3,36.6,53.1,14.1,25.8,77.3,51.5,78.5,37.8,38.6,91.1,22,44.8,2.5,3.3,3.9,2.3,NA,NA,NA,NA
"CK1delta",22.5,4.8,0.2,1.8,47.8,99.8,99.8,94,95.7,76.2,100,94.9,6.3,6.8,57.3,3.6,32.7,92.8,99.7,81.4,60.7,93.2,97.9,2.4,5,0,100,100,99.2,100,99,98.3,77,98.1,16.8,0.1,0.4,6.9,4.8,4.3,100,20,95.1,55.1,95.5,34.2,87,97.2,84.3,86.6,43.3,96.3,9.1,7.3,77.5,7,29.9,23.1,38.5,14.5,0.8,8.9,32.4,100,56.2,87.9,18.9,36,45.1,59.6,56.4,29.1,40.4,85.3,54.4,80.5,33.8,79.5,38.8,34.6,76.5,37.5,14.3,60.7,31.7,32.2,91.6,52.8,91.1,57.5,87.2,81.8,0.6,99.5,32.5,2,0.2,3,0.8,40.5,75.7,57.7,51.4
"CK1epsilon",2.9,9.6,3.9,2.3,57.3,99,93,73.9,63.8,68.4,99.7,88.9,10.1,22.4,66.3,7.4,72.9,89.2,99.5,67.6,82,83.3,93.2,1.9,2.2,2.4,99.1,97,84,92.2,87.8,82.7,87.1,96.7,48.8,3.6,0.2,7.3,62,28.5,99.9,58.1,8.2,26.7,49.6,55.2,59.2,84,88.6,87.7,65.1,94.3,15.5,2.3,35.9,20.6,56.8,10.4,27.5,14.3,0,22.9,41.3,98.1,47.4,85.1,7.4,7.4,30.7,8.6,18.9,3.1,33.6,45.1,1.4,35.5,6.1,32.8,58.6,74.9,87,38.4,53.1,85.9,50,57.1,35,46.4,46.6,28.1,58.5,48.8,12.2,77.3,31.3,0,0.8,3,1.6,46.4,71.2,76.6,84
"CK1gamma1",21.1,43,52.3,20.4,21.2,17,67.4,66.2,79.9,42.6,34.3,90.1,22.8,21.4,49.7,15.4,61,65.5,30.3,21.6,68.8,79.1,17.5,13,10,21.9,91.6,76.7,38,42.2,88.7,94.2,15.8,64.5,80,20.2,10.8,3.1,73.1,45.9,49.3,93.2,85.8,10.3,72.9,3.5,77.1,96.8,86.8,81.2,40.5,84.7,1.7,2.1,62.7,2.4,53.7,19.9,67,64.6,5,28.1,16.1,100,100,84.7,29.8,68.3,79.3,67.1,54.1,76.7,73.2,68.4,28.5,57.1,22.5,16.6,24.6,14.8,46.3,11.8,39.2,26.6,42,18.3,48.1,76.9,26.2,24.7,50.4,25.5,18.7,37.6,31.8,10.3,14,13.8,16,36.6,38.5,26.8,20.5
"CK1gamma2",0,0,1.3,6.8,53.3,27.5,100,59.7,34.5,20.4,57.2,87.6,78.3,85.8,55,13,40.1,42,99.1,44.8,78.2,55.7,4,95,31.6,29.9,54.4,24.2,38,42.2,76.9,82.5,98.9,13.7,59.8,34,35,23.7,52.1,59.4,71.7,99,49.4,8.6,53.3,81.5,14.7,92.6,89.7,84.2,50.5,88.8,2,16.3,92.7,6,74.4,71.2,89.8,79.9,4.2,12.7,62.5,68.6,60.9,39.5,41.4,73.1,83.9,87.3,66.4,53.2,70.9,82.5,21.3,35.6,28.9,40.6,12.9,16,81.7,21.8,23.7,32.4,3.5,11.5,91,96.6,76.9,71.5,92.8,68.9,37.8,50.6,34.8,67.8,54.4,73.1,41.6,10.7,30.5,52.2,15.3
"CK1gamma3",73.2,64.9,96.7,23,14.2,6.1,66.2,57.2,45.5,26.5,75.7,99.2,85.8,48.5,15.9,85.8,87.7,15.4,73.6,69.3,75.4,96.4,63.4,12,4,16.3,98.1,73.4,91.7,96.9,76.9,82.5,82.6,7.5,87.6,49.9,0.2,11.9,77.7,2.3,94.8,99.6,53.8,24.6,34.1,28.6,19.2,98.7,97,96.5,96.7,99.5,0,0.2,24.1,0.9,19.1,14,50.9,20.9,0.6,1.9,2.5,4.1,72.8,29.3,63.9,94,96.5,98.9,93.1,79.1,94.1,78.7,68.4,47,43,71.1,13.6,21.5,58.7,12,12.6,18.1,7.4,7.6,49.3,84.8,26.9,17.1,41.5,29.6,12.3,20.7,32.9,22.9,63.7,40.9,49.6,93.4,56.1,73.9,7
"CK2a2",3.5,5.2,70.7,100,100,96,100,7.9,44.3,18.9,100,99.8,0.3,13.7,98.5,0.1,20.6,99.8,86.1,96.4,98.4,98.2,16.2,98.1,63.5,0.1,98.2,45.8,71.8,84.9,81.4,82.7,52.1,71.9,60.6,99,99.6,97.8,37,20.6,100,97.3,100,100,100,73.2,99.7,96.8,99.9,94.3,99,100,92.2,63.2,87.8,7.5,3.1,30.6,1.8,0,6.3,56.1,6.9,0,24.8,3.6,0,0,0.1,22.3,0,0,31.1,75,0.2,62.1,95.1,76.3,100,100,100,100,78.1,99.3,98.8,100,75.7,21.1,96.6,26.7,93.7,95.8,4.7,100,62.3,34.5,70,78.2,20.7,0,0.2,1.5,0
"CK2alpha",81.6,67.6,32.1,99.6,100,97.6,100,29.5,24.3,3.3,100,99.7,0.3,20.7,96.2,0.1,29.4,99.1,96.3,99.8,99.9,99.9,30.1,96.5,36.7,0.5,99.3,65,72.7,83.5,84,85.3,16.5,44.5,56.6,98.4,98.4,96.3,13.7,2.7,100,99.9,100,100,99.9,64.2,98.9,94.8,94,79.3,76.8,96.7,90.9,10.5,68.1,5.6,1.9,21,1,0,10.2,65.7,2.3,0,9.7,5.4,0,0,1.7,3.9,4.6,0.1,29.1,89.4,15,92.4,98.1,50.3,99.4,100,100,99.8,49.6,85.3,78.1,99.9,69,60.9,65.2,66.3,97.9,99.2,56.6,100,99.9,83.2,92.7,96.8,82,0,0.3,7.5,0
"CLK1",44.2,3.7,0,1.9,81.2,98.4,92.4,52.1,69,25.4,99.9,80.7,1.5,0,7.9,0.2,0,0.2,98.4,32,46.9,94.3,6.5,20.7,2.9,0.3,100,93.9,97.9,100,99.9,99.6,24.3,16.1,0,0.8,70.7,22.9,97.2,100,100,44.9,72.2,59.2,99.9,0,1.1,0,93.9,100,75.5,91.1,91.4,97.6,99.5,46.4,96.8,75.9,86.2,89.9,91.3,88.1,5.4,0,5.6,2.1,100,100,98.6,100,98.2,100,97.3,3.2,99.6,98.9,99.8,2.8,37.8,47.7,39.7,85.2,93.7,0,43.6,0,94.2,49.4,28.6,94.7,97.2,64.8,87.3,99.8,80.2,0,0,0,0,21.2,90.4,99.4,95.2
"CLK2",54,60.8,8.3,51.4,65.9,61.5,99.4,67.1,16.4,88.1,93.8,30.3,42.3,9.9,23.7,2.6,8.4,39.4,91.7,2.6,35.3,49.5,12,17.1,12.4,11.9,100,95,99.2,99.8,99.8,97.8,53.7,20.5,0,36,92.8,56.7,45,99.3,99,4.8,99.9,18.1,50.8,83.4,90,61,98.2,99.7,84.7,97.4,11.6,77.1,94.3,73,94.7,92.2,96.9,99.1,33.5,92.5,1.1,0,89.4,0,95.7,51.3,86.1,98.8,59.9,84.3,82.7,40.1,59.9,62.2,47.9,2,25.5,15.4,77.6,100,95.7,12.3,4,9,65.8,48.8,30.1,85.5,91.5,68,95.8,98.7,79.9,10.1,11,6.2,22.1,45.5,72,86.6,94.5
"CLK3",49.9,37.5,2.3,3.6,33,10.2,100,96.4,75.5,43.7,83.3,62.5,67.5,7.2,16.4,16.3,17.1,37.5,50.7,9.5,28.4,27.9,53.2,31.2,10,38.5,100,92.4,99.6,100,99.6,96.4,23.1,22.2,0.2,27.8,100,71.8,97.8,100,100,74.4,73.4,11.9,30.1,0,96.8,57,65.9,84.2,61.5,79.9,53.5,65.9,79.4,58.1,81,90.1,98,96.4,59,58.9,56.1,0,66.4,1.5,68.2,4.4,74.6,10.8,64.2,47.8,31,31.6,28.7,32.5,33.3,30.6,99.1,99.9,99.9,100,99.8,100,78.2,99.9,50.5,21.4,10.9,77.6,97.1,53.5,94.4,100,75.6,43.8,37,23.9,28.3,88.9,76.7,37.1,78.3
"CLK4",20.2,14.8,0.8,6.6,80.2,41.9,97.6,99.8,87.4,20.7,67.2,1.6,29.8,0.3,16.3,10.5,6.1,9.3,70.7,40.3,68.2,85.6,51.2,69.6,50.4,42.1,100,89.5,98,99.8,100,98.9,45.1,9.7,0.2,25.1,99.2,63.5,89.2,59.4,90.1,10.2,99.1,6.1,39.2,0,44.9,8.3,100,100,81.2,99.6,7.3,77.4,90.7,61.2,95,84.3,95.6,94.7,46.4,97.3,0.1,0,56.2,0.1,99.9,98.5,97.9,99.9,80.2,99.9,77.4,45.7,90,97.2,50.4,1.3,9.8,3.5,13.9,83.7,99.5,0.1,46.5,1.5,48.4,19.1,44.8,63.9,32.5,64.1,94.4,70.9,68.4,0,0,0,0,75.1,97.7,99.8,92.4
"CSF1R",7.8,7.2,36.1,81.3,0.1,1.1,NA,77.3,79,28.4,0.7,12.4,92.8,82,8.7,NA,NA,NA,16.6,NA,89.5,NA,75.5,NA,NA,78.1,NA,NA,NA,NA,NA,NA,NA,NA,48.1,NA,99.8,NA,38.7,2.8,58.8,21.7,80.1,0,0,100,92.8,100,31.8,19.7,57.6,32.1,57.1,97.2,37.3,100,82.1,81.4,17.9,52.7,86.5,48.9,NA,NA,NA,NA,32.1,51,75.3,90.2,81,76.3,67.6,89.3,80.6,75.7,64.7,39.8,53.1,83.5,58.1,74.9,16.6,39.4,22.5,41.5,93,91.4,78.7,83.7,84.5,35.4,23.3,35.1,9.6,NA,NA,NA,NA,NA,NA,NA,NA
"DAPK1",2.5,2.7,48.6,81.7,63.1,62.7,100,61.7,77,44.3,15.6,70,73.9,85.8,30.1,98.4,4.2,64.6,68.1,40.5,33.3,51.9,56.5,63.5,93.5,21.7,99.5,88.7,80.4,75.2,99.1,83.1,91.7,53.1,32.5,8.2,22.5,13.8,61.6,59.6,22.3,4.6,9.1,7.5,1.2,99.5,99,100,9.9,20.1,8.5,94.5,87.2,99.9,99.7,91.1,86.5,44.1,46.4,29.6,0.5,7.4,39.9,38.1,33.2,21.9,4.8,27.3,5.2,34.2,10.7,12.7,47.5,43.6,15.2,29.9,81.2,79.4,48.9,94.1,87.9,53.5,75.6,75.8,71.3,97.6,16.7,45.2,92.3,20.5,89.1,63.4,49.3,98,25.4,1.8,1.4,1.9,0.9,74.5,43.3,9.3,2.3
"DAPK2",NA,NA,NA,NA,27.8,13.5,31.5,NA,NA,NA,11.8,25.8,98.9,98.6,51.7,99.7,4.5,NA,27.4,57.8,13.9,58.8,95.5,28.9,NA,77.7,NA,NA,NA,NA,NA,NA,NA,84.2,58,32.4,NA,NA,12.2,22.5,3.6,7.2,99.5,1.6,5.4,NA,70.2,100,3.8,15.1,8.1,67.3,34.4,100,99.8,99.8,98.1,50.5,23.1,15.9,NA,58.9,36.1,94.5,0,79.9,17.4,69.1,23.7,75.5,19.4,3.6,86.4,40.1,11.8,35.5,97.4,95.4,82.1,70.3,92.6,13.5,26.8,82.2,89.8,89.1,1.5,1.6,99.3,1.3,11.1,91.9,65.2,75.1,15.1,NA,NA,NA,NA,NA,NA,NA,NA
"DAPK3",0,0,0,0,99.2,100,94.8,99.9,97.8,94.9,99.8,100,28.8,0.2,9.4,76.1,1.4,10.6,64.9,72.9,25.6,100,0,32.9,55.6,0,100,99.9,100,100,100,100,6.5,0,13.1,0,0,1.4,2.1,4.5,0.1,0.4,0,4.7,25.7,14.8,5.5,20.5,99.8,100,82.4,98.4,0,100,99.9,99.7,99,45.3,3.4,2.7,0.9,11.2,99.9,52.9,21.9,97.4,0.1,0.3,0,0,0.3,8.5,1.8,5.2,0.7,73.6,98.7,95.2,99.4,65.3,100,89.8,100,99.5,80.7,87.3,100,100,100,100,100,100,28.5,100,87.6,0,0,0,0,81.1,44.2,35.7,52.6
"DMPK1",92.9,96.2,95.3,35.3,11.7,8.9,58.1,81.6,43,86.1,19.8,33.7,97.6,2.7,0,97.3,100,99.9,84.7,38.4,48.8,90.9,97.8,50.5,83,67.7,19,88.9,76.1,70.7,89.4,99.5,96.2,7,95.3,98.2,96,81.5,59.5,99.7,82,70.3,100,28.5,92.6,93.1,66.4,93.5,97.1,99.8,97,94.6,0.2,100,97.3,98.8,98.6,7.2,4.7,9.6,0.6,16.1,64.9,44.5,52.7,12.6,98.9,99.7,99.8,100,99.6,78.1,94.3,98,46.2,77.4,99.7,86.7,5.6,7.5,7,32.7,5.4,39.2,6.3,0.2,10.4,0.2,0.5,5.3,0,0.3,2.8,0.1,3.9,3.7,4.6,9,19.6,54.5,6.7,33.7,13.5
"DMPK2",35.9,51.1,22.7,19.1,NA,NA,NA,38.4,46.4,94.3,24.7,18.6,27.7,84.2,92.5,NA,NA,NA,NA,NA,68,65.3,15.9,79,90.9,NA,NA,NA,NA,NA,NA,NA,2.7,15.9,NA,NA,NA,NA,58.4,14.2,44.2,47,48.1,NA,NA,NA,NA,NA,NA,NA,NA,NA,NA,NA,NA,NA,NA,NA,NA,NA,69.2,47.4,NA,NA,NA,52.1,38.3,43.4,32.3,38.8,39,51.3,45.7,69.5,39.4,37.3,30.8,61.8,16.1,95.4,96,89.2,89.7,76.3,33.8,58.6,34.9,26.5,26.1,27.8,38.9,36,39.7,56.9,63.9,NA,NA,NA,NA,NA,NA,NA,NA
"DNAPK",46.9,23.3,51.7,0.4,95.4,21.2,8.3,99.8,98.4,85.9,99.7,88.3,21.2,1.2,25,1.8,2.8,34.1,100,85.2,82.6,65.5,78.6,46.9,26.3,21.4,88.5,99.7,84.3,91.6,96.4,99.5,29.4,68.2,3.8,21.6,37.7,93.5,18.2,98.8,29.3,100,100,87.2,98.2,100,90.8,78.1,86.6,89.2,74.3,93.3,76.8,57.2,57.5,76,80.2,52.1,52,25.5,36.4,91.2,1,0.9,77.5,75.3,12.7,57.9,27.1,30.2,20.3,18.6,87.9,78,73,71.6,70,78.4,81.5,98.5,92.9,72.6,87.9,86.8,28.4,96.4,65.1,77.2,63.9,80.2,86.4,89.5,72.9,99.9,77.5,19.9,32.5,47.9,40.6,98.7,100,99.9,97.1
"EGFR",47.9,37.6,63.6,99.4,0,0,75.9,77.3,79,28.4,11.4,0,100,98.4,4.4,98.6,100,99.9,76.7,98.5,90.9,89.9,68.4,79,95.3,100,100,15.1,29.4,39.3,5.5,29.6,62.6,88.2,59.8,52,99.8,NA,93.5,75.7,26.7,10,97.2,0.2,0,52.5,80.7,99.8,14.4,1.4,28.6,26,2.1,100,39.5,100,75.4,66.7,27.8,39.6,68.1,54.1,NA,64.1,38.4,55.6,38.6,53.4,32.8,35.8,8.8,47,68.6,15.3,0.3,3.4,30.4,55.8,76.3,97.2,71.8,93.5,88.7,94.1,54.6,99.9,71.7,10.5,16.6,4.5,1.7,1.9,0.9,66.7,3.4,79,50.8,16.1,1,51.4,6.6,3.6,0.4
"EIF2AK2",5.3,36.9,0.9,36.3,87.8,94.6,99.7,18,13.8,6.7,50.7,56.6,62,22.5,24.9,44.6,25.7,65.2,17.4,53.4,48.6,35,0.1,42.6,2.3,68.9,57.6,59.7,83.1,62.7,62.7,81.9,10.3,44.4,28,78.8,7,44.4,43.3,6.8,47.6,82.6,91.9,89.8,97.7,78.6,54.8,91.4,86.4,28.6,66,76.1,93.9,95.5,99.9,89.6,97.1,66.9,33.3,23.6,0.1,2.1,65.6,19,65.4,89,0.2,1.5,0.3,2,6,0.2,59.3,35.1,8.5,8.9,49,55.4,96.3,98.9,98.3,98.7,40.1,34.4,16,93.9,29.4,14.2,8.2,39.9,78.7,49.1,79.9,99.4,90,8.6,0.5,11.2,0.7,0,3.8,13.2,2.7
"EphA1",46.9,27.1,89.6,99.5,0,0,40.6,81.5,77.8,18.8,0.2,1.4,NA,NA,NA,NA,NA,NA,57,89.5,60.6,84.8,90.7,33.2,95.3,78.1,0.1,1.3,0,0.1,0.4,5.4,NA,49.7,48.1,NA,99.8,NA,33,86.2,49.6,34.9,86.2,0.3,0,52.5,91.1,98.6,47.9,27.1,55.2,26.2,30.1,67.6,52.1,95.9,46.3,45,9.4,36.6,85,76,87.2,NA,NA,21.7,40.2,61.2,30.7,13.8,12.4,53,42.2,48.6,38.6,83.7,52.7,85.9,98.4,99.1,98.6,99.9,96.9,99.6,62,99.2,89.5,57.8,41.3,52.9,38.4,11.5,10.4,25.1,2.7,56.9,69.8,70.7,16.4,66.7,10.5,48.7,15.2
"EphA2",45.8,24,51.9,99.7,0,0,46.4,81.5,77.8,18.8,0.6,0,99.9,94.4,4,94.9,100,100,57,88.2,75.7,94.8,85.2,48,95.3,100,0,2.4,0,0.1,0.4,5.4,NA,49.7,48.1,NA,99.8,NA,30.4,86.8,43.2,20.4,89.9,0.3,0,0.8,86.6,99.3,57.6,19.2,56,32.2,53.2,98.5,35,99.3,70.7,53.8,11.9,42.4,84.9,81.7,87.2,41.8,45.7,10.1,48.9,62.4,42.7,72.5,34.2,92.5,95.2,60.4,88.1,90.7,47.9,37,37.3,37.8,36.7,27.5,43.2,32,22.3,44.8,95.3,57.7,51.5,84.8,55.9,27,28.4,59.3,19.8,56.9,69.8,70.7,16.4,66.7,10.5,48.7,15.2
"EphA3",46.9,19.4,89.6,99,0,0,46.4,78.9,78.2,20.2,7.6,73.6,NA,NA,NA,NA,NA,NA,57,89.2,85.1,84,88.2,33.2,95.3,78.1,0.1,1.3,0,0.1,0.4,4.8,NA,49.7,48.1,NA,99.8,NA,33.2,81,49,34.9,86.6,0.3,0,60.5,89.9,97.1,60.1,35.8,53.4,75.6,30.3,76.5,78.6,89.5,33,72.7,32,65.1,96.5,72.8,87.2,NA,NA,10.1,40.7,78.5,27.2,15.4,5.5,54.1,60.5,42.1,26.4,86.9,57.9,82.4,99.6,99.6,99.7,100,99,99.6,86.5,100,97.6,93.3,70.5,81.5,51.5,16.7,8.2,6.3,3.2,56.9,69.8,70.7,16.4,66.7,10.5,48.7,15.2
"EphA4",46.9,19.4,89.6,99,0,0,46.4,78.8,78.3,20.3,9.4,86.2,NA,NA,NA,NA,NA,NA,57,89.2,85.1,83.7,82.6,33.2,95.3,78.1,0.1,1.2,0,0.1,0.4,4.8,NA,49.7,48.1,NA,99.8,NA,33.2,81,49,34.9,90.3,0.3,0,90.1,94.4,98.8,52.4,32.1,52.5,36,52,48.2,18.5,88.6,26.8,68.2,25.3,53.6,84.9,74.8,87.2,NA,NA,10.1,40.7,78.5,27.2,15.4,5.5,54.1,60.5,42.1,26.4,86.9,57.9,82.4,99.6,99.6,99.7,100,99,99.6,86.5,100,90.2,62.3,23.3,56.9,27.8,10,26.3,12.1,9.7,56.9,69.8,70.7,16.4,66.7,10.5,48.7,15.2
"EphA5",46.9,19.4,89.6,99,0,0,46.4,81.3,77.8,18.9,13.8,89.3,NA,NA,NA,NA,NA,NA,57,89.5,85.1,85.3,89.4,33.2,95.3,78.1,0.1,1.2,0,0.1,0.4,4.8,NA,49.7,48.1,NA,99.8,NA,36.4,84,49.6,34.9,86.1,0.3,0,92,94.9,99.2,33.5,34.2,44.4,74.5,32.9,44.1,15.3,37.1,20.6,49.6,15.8,66.4,97.4,70.5,87.2,NA,NA,10.1,NA,NA,NA,NA,NA,NA,NA,NA,NA,NA,NA,NA,NA,NA,NA,NA,NA,NA,NA,NA,95.3,98.1,87.6,72.9,75.3,30.5,7,4.6,3.5,56.9,69.8,70.7,16.4,66.7,10.5,48.7,15.2
"EphA6",46.9,19.4,89.6,99,0,0,46.4,81.3,77.8,18.9,26.9,98.9,NA,NA,NA,NA,NA,NA,57,89.5,85.1,85.1,89.4,33.2,95.3,78.1,0.2,9.1,0.3,0.5,0.4,4.8,NA,49.7,48.1,NA,99.8,NA,40.4,81.3,49.1,34.9,86.1,0.3,0,97.6,94.9,99.2,56.5,49.1,61.7,58.2,43.3,42.3,14,34.4,17.4,49.6,15.8,66.4,85,76,87.2,NA,NA,10.1,NA,NA,NA,NA,NA,NA,NA,NA,NA,NA,NA,NA,NA,NA,NA,NA,NA,NA,NA,NA,72,90.9,48.9,78.5,74.2,29.4,58.8,15.9,28.1,56.9,69.8,70.7,16.4,66.7,10.5,48.7,15.2
"EphA7",46.9,19.4,89.6,99,0,0,46.4,77.3,79,28.4,27,98.6,NA,NA,NA,NA,NA,NA,NA,89.5,85.1,85.4,88,33.2,95.3,78.1,0.1,1.2,0,0.1,0.4,4.8,NA,49.7,48.1,NA,99.8,NA,35.5,84.5,49.7,34.9,83.1,0.3,0,89.9,94.9,99,35.6,36.7,49,53,59.5,46.2,18.8,29,16.9,49.6,15.8,66.4,85,76,87.2,NA,NA,10.1,NA,NA,NA,NA,NA,NA,NA,NA,NA,NA,NA,NA,NA,NA,NA,NA,NA,NA,NA,NA,72,91.4,50.3,78.5,84.5,30.9,58.8,35.1,28.7,56.9,69.8,70.7,16.4,66.7,10.5,48.7,15.2
"EphA8",53.6,27.2,22.1,98,4.8,19.7,NA,77.3,79,28.4,13.8,33.8,NA,NA,NA,NA,NA,NA,NA,85.2,NA,91.2,88,33.2,95.3,78.1,22.5,22.6,14.8,12.2,9.3,4.7,NA,49.7,NA,NA,NA,NA,32.9,89.9,39.7,NA,NA,NA,NA,51.9,92.4,96.3,71.7,60.6,78.7,72.4,42.7,19,12.6,20.3,8.9,35.4,47.6,65.3,NA,NA,NA,NA,NA,10.1,NA,NA,NA,NA,NA,NA,NA,NA,NA,NA,NA,NA,NA,NA,NA,NA,NA,NA,NA,NA,NA,NA,NA,NA,NA,NA,NA,NA,NA,NA,NA,NA,NA,NA,NA,NA,NA
"EphB1",46.7,27.3,89.8,99.5,0.1,0,46.4,81.5,77.8,18.8,15.1,96.8,NA,NA,NA,NA,NA,NA,57,86.4,85.1,56.1,88.5,33.2,95.3,85.2,0.2,9.3,0.2,0.5,0.4,5.4,NA,49.7,48.1,NA,99.8,NA,66.5,11.7,50,34.9,86.2,0.3,0,97.5,71,97.2,75.3,65.8,82.6,73.7,39.7,47.9,10.1,52.2,11,34.2,7.4,14.2,84.9,81,87.2,NA,NA,15.5,94.8,94.2,49.1,99.9,82.4,99.7,99.6,35.6,98,94.6,97,45.9,27.3,17.2,16.8,14.7,17.4,3,44.9,1.1,92.1,38.6,36.6,69,38.1,16.2,27.2,58.1,7.3,56.9,69.8,70.7,16.4,66.7,10.5,48.7,15.2
"EphB2",44.1,27.6,90.8,99.4,0,0,47.1,82.5,77.7,16.9,1.4,81.6,NA,NA,NA,NA,NA,NA,57,86.4,57.5,84.7,90.4,32.3,95.3,78.1,0.2,2.5,0.6,0.7,0.4,5.4,NA,49.7,48.1,NA,99.8,NA,33.6,11.5,54.8,34.9,86.9,0.2,0,89.5,74.5,97,61.4,63.5,63.1,67.2,40.1,24.7,4,10.7,0.6,76.5,31.8,45.5,88.6,78.4,29.2,NA,NA,15.5,40.7,78.5,27.2,15.4,5.5,54.1,60.5,42.1,26.4,86.9,57.9,82.4,99.6,99.6,99.7,100,99,99.6,86.5,100,92.6,60.8,57.2,76.6,43.1,13.5,17.3,31.2,2.4,56.9,69.8,70.7,16.4,66.7,10.5,48.7,15.2
"EphB3",41.3,29.4,30.2,92.3,5.3,4.3,NA,77.3,79,28.4,21.7,53.3,NA,NA,NA,NA,NA,NA,NA,81.6,40.6,51.8,81.2,36.9,61,78.1,NA,NA,65.7,53.6,NA,NA,NA,49.7,50.6,NA,NA,NA,17.1,59.6,64,NA,NA,31.3,39.4,82.9,89.5,96.7,57.8,69.1,59.6,82.1,87.8,87.3,89.6,76.3,16,37.3,22.6,29.8,23.7,66.6,87.2,NA,NA,15.5,NA,NA,NA,NA,NA,NA,NA,NA,NA,NA,NA,NA,NA,NA,NA,NA,NA,NA,NA,NA,96.4,50.8,17.6,35,16,11.4,15,5.6,10.9,NA,NA,NA,NA,NA,NA,NA,NA
"EphB4",53.6,27.2,22.1,98,2.1,1.4,NA,NA,NA,NA,5,1.5,NA,NA,NA,NA,NA,NA,NA,3.7,58.7,NA,21.8,11.1,42.1,NA,NA,NA,69.2,30.2,NA,NA,NA,49.7,NA,NA,NA,NA,26.4,4.5,21.7,NA,NA,31.3,39.4,14.5,69.6,96.6,50,34.9,68,96.9,50.5,72,75.4,92.3,54.4,35.8,16.1,38.4,NA,76.2,NA,NA,NA,15.5,40.7,78.5,27.2,15.4,5.5,54.1,60.5,42.1,26.4,86.9,57.9,82.4,99.6,99.6,99.7,100,99,99.6,86.5,100,27.8,16.8,19.3,16.3,21.2,10.5,10.1,34.4,3.6,NA,NA,NA,NA,NA,NA,NA,NA
"EphB6",NA,NA,NA,NA,0.6,0.5,NA,NA,NA,NA,21.8,7.3,NA,NA,NA,NA,NA,NA,NA,NA,NA,NA,NA,33.2,95.3,NA,NA,NA,65.7,53.6,NA,NA,NA,49.7,NA,NA,NA,NA,25.6,78.3,46.8,NA,NA,NA,NA,9,64.7,80.4,45.1,41.3,82,59.3,13,87.1,87.8,98,29.3,29.2,15.1,14.7,NA,66.6,NA,NA,NA,NA,NA,NA,NA,NA,NA,NA,NA,NA,NA,NA,NA,NA,NA,NA,NA,NA,NA,NA,NA,NA,27.8,16.8,19.3,16.3,21.2,10.5,10.1,34.4,3.6,NA,NA,NA,NA,NA,NA,NA,NA
"ErbB2",15.7,34.1,57.5,68.1,0,0.1,39,77.3,79,28.4,59.8,2.5,100,98.4,6.8,97.4,100,99.7,67,99.2,98.4,36.6,80.2,87.1,NA,100,100,12.3,NA,NA,39.5,48.9,57.5,93.5,72.4,52,99.8,NA,95.9,95.1,97,9.5,99,0,0.5,63.1,80.1,100,33.3,42.1,23.1,74.9,32.2,99.5,24.9,100,53.5,92.7,97.3,95.9,75.9,63.1,NA,91.3,9.5,75,65.7,56.5,65,86.7,19.6,91.5,98.6,5.7,2.2,8,15.4,14.1,0.4,18.4,2.3,13.5,64.2,18.9,71.8,59.1,93.1,67.1,42.7,8.3,8.4,5.6,0.7,46.7,5.6,82.3,40.2,8.9,1.4,64.1,8.4,3.2,0
"ErbB3",68.4,34.6,42.7,53.8,10.6,36.6,83.3,NA,NA,NA,28,3.3,100,97.8,7,94.9,100,100,NA,87,90.5,NA,NA,NA,NA,100,NA,NA,NA,NA,NA,NA,NA,69.7,NA,52,NA,NA,48.6,3.1,46.3,34.3,NA,NA,NA,45.3,68.1,99,50.5,31.7,66.6,35,85.8,99.2,27.2,100,60.2,8.6,3.6,66.1,97.4,60.3,NA,NA,NA,NA,41.6,77.2,27.5,14,5.7,54.5,58.6,41.8,26.3,87.5,55.7,84.5,99.6,99.6,99.7,100,98.9,99.7,84.6,100,88.2,97.4,81.9,56.8,68.8,33.9,9.2,3.9,7.1,NA,NA,NA,NA,NA,NA,NA,NA
"ErbB4",61.8,61.1,73,82.9,0.5,0.1,83.3,77.3,79,28.4,30.4,0.2,100,97.8,12.9,94.9,100,100,NA,NA,NA,NA,88,NA,NA,100,NA,NA,69.2,30.2,NA,NA,NA,69.7,72.4,52,99.8,NA,48.6,2.8,60.2,NA,NA,2.4,0.1,82.3,72.5,95.4,53.2,25.8,62.3,22,43,99,28.6,100,69,32.9,18.7,65.7,82.3,18.2,NA,NA,NA,NA,40.7,78.5,27.2,15.4,5.5,54.1,60.5,42.1,26.4,86.9,57.9,82.4,99.6,99.6,99.7,100,99,99.6,86.5,100,99,97.9,97.9,67.4,70,31.2,0.7,2.7,0.7,NA,NA,NA,NA,NA,NA,NA,NA
"Fgr",60.5,5.9,24.1,40.7,0,0,87.7,82.9,79.4,54.3,28,0.4,100,100,89.5,99.7,99.5,76.3,11.3,78.2,70.4,84.7,98.5,80.9,30.8,94.1,0,0.3,0,0.1,1.1,51.9,76.3,91,0.1,93.6,98.4,2.6,41.2,18.5,97.6,31.9,97.3,0.7,0.1,90.8,28.2,93.6,0,0,6.1,0,0,99.4,36.5,99.6,81.7,47.8,2.3,12.9,55.2,70.4,17.3,100,3.4,74.5,15.9,13,8.3,9,12.8,53.4,85,30.7,9.6,22.4,63,71.5,5,64.5,86.8,56.1,44.8,62,76.1,95.2,71,51.3,7,54.1,14.5,3,62.3,31.4,11,86,88.2,81.7,47.1,12.8,24.2,18.9,0
"FLT1",46.5,32.9,92.1,98.5,0.3,0.1,NA,77.3,79,28.4,13.2,0.6,NA,NA,NA,NA,NA,NA,NA,87,90.5,NA,88,NA,NA,78.1,NA,NA,NA,NA,NA,NA,NA,NA,46.5,NA,99.8,NA,48.6,3.2,NA,34.9,NA,2.4,0.1,75.8,68.6,98.6,65.5,33,55,17.8,3.7,88.9,44.8,98.4,35.8,42.2,15.8,7.4,97.4,72.1,NA,NA,NA,NA,NA,NA,NA,NA,NA,NA,NA,NA,NA,NA,NA,NA,NA,NA,NA,NA,NA,NA,NA,NA,98.5,64.9,96.4,73.7,52.2,37.5,2.1,61.2,1.5,NA,NA,NA,NA,NA,NA,NA,NA
"FLT3",6.6,4.9,11,14,0.8,0.2,NA,NA,NA,NA,37.5,13.4,100,NA,NA,NA,NA,NA,16.6,87,90.1,NA,49.4,NA,NA,NA,NA,NA,NA,NA,NA,NA,NA,NA,NA,NA,NA,NA,39.3,11.1,87.4,20,80.1,10.5,22.9,56.4,45.8,71.3,21.3,17.6,48.8,27,25.6,91.2,55.8,99.6,70.3,44.8,2,3.3,65.4,15.4,NA,85.8,86.2,NA,21.6,23.4,73.3,86.5,77.7,68.2,72.2,68.2,80,73.4,19.8,17.3,28.7,65.1,30.1,28.8,16.5,35.2,27.2,62.4,98.6,53.8,98.1,47.9,43.7,42.3,1.6,62.5,0.9,NA,NA,NA,NA,NA,NA,NA,NA
"FRK",86.6,36.2,83.1,93.3,0,0,26.8,75.8,88.3,72.4,40,6.5,99.8,99.9,98.1,89.6,28.9,13.4,22.8,50.2,46.2,36.8,84.4,12.2,4.5,50.9,0,9,0,0.8,4.5,62,81.7,71.5,11.1,33.8,97.1,34.9,23.3,21.9,99.9,29.8,70.5,3.8,0.5,94.8,36.6,92.7,0,0,36.5,0.3,0.6,84.2,71.1,93.7,84.4,44.8,22.8,29.2,20.5,49.6,31,100,17.7,75.8,67.7,41.4,47.6,6.7,20.5,83.5,93.7,30.2,94.6,91.8,74.9,64,27.9,50.6,82.6,94.5,85.8,79.3,94.8,99.1,91,98.4,19.5,84,54.9,16.2,67.1,8.4,14.7,29.1,43.1,30.7,16,30.1,26.4,78.3,9.1
"Fyn",59.6,4.2,18.9,56.1,0,0,87.2,87.4,82.2,34,5.3,0,100,99.9,87,99.7,99.8,82.1,13.3,81.9,61.4,89.9,98.5,82.8,47.6,97.3,0,0.4,0,0,0,24.4,76.7,90.7,1,93.2,95.4,2.6,38.6,26,89.5,28.3,98.4,1.1,0.7,95,48.6,99.4,0,0,1.7,0,0,98.8,34.8,99.8,81.4,51.2,6.9,14.2,45.6,73.1,34.7,100,6.5,57.1,14.8,14,9.9,13.2,11.8,51,85.6,26.6,7.7,17.8,54,64.9,3.6,59.8,78.6,50.3,40.9,55.6,67.9,96.4,72.5,38.7,3.5,48.2,6.5,2.2,63,21.1,18.5,85.8,87.6,78.9,42.1,10.4,32.8,16.1,0
"GRK1",53,34.7,26,74.2,80.3,89,61.1,92,94.9,95.5,11.3,30.5,87.4,16.7,5.1,76.1,61,33.5,92.3,27.2,34.9,40.5,90.2,60,61.9,4.9,80.6,93,60.3,83.1,46.8,31.7,66.9,38.1,69.4,18.8,16.1,5.9,1.3,3.6,11,86.8,99.9,56.7,29.4,88.1,7.6,68.5,94.2,93.6,92.6,97,94.4,58.3,39.8,11.1,49,21.4,47,10.4,85.1,79.3,25.4,40.4,24.3,38.4,11.8,5,32,6.4,11,20.4,44.1,43.3,37.3,27.4,31.6,37.1,89.9,84.5,75.4,46,86.7,73.4,58.7,59,42,68.6,82.3,71.6,81.8,95.4,91.5,81.6,97,60.9,52,58,58.5,36.8,61.1,59.2,20.5
"GRK2",100,100,99.9,80.1,19.3,49,74.3,76.5,55.3,94.9,98.5,83.8,94.6,20.2,9.2,84.3,88.9,90.4,47.7,40.8,93.8,76.6,88.6,84.1,50.5,5.7,69.3,43.5,58.1,54.6,86.5,52.6,53.8,86.3,31.7,69.3,14.9,4.6,7.8,15.1,83.6,55.7,99.9,24.1,31.1,7.8,55.7,89.3,96.8,99.6,83.2,99.8,23.1,99,70.5,76.3,27,15,32.9,5.5,6.7,97.7,17.6,0.4,70,36.2,1,11.1,0,4.3,0.1,0.2,52.9,30.7,1.9,0.4,24.1,86,95.6,96.3,68.4,16.6,91.4,23.2,72.6,88.4,92.8,12.4,90.8,38.9,53.9,27.2,1.6,93.5,0.7,52,77.5,59.3,58.5,9.9,40.4,5.3,3.9
"GRK3",80.8,39.7,56.1,85.8,36.9,91,64.5,14.5,71.5,50.3,67.6,80.4,60.7,19.7,24.7,52.4,89.2,69,52,54.8,71.5,48,85.9,22,46.8,4.6,93.2,85.6,43.1,50.7,51.4,40,66.1,47.8,4.3,46.8,99.3,13,0.1,1.5,5.7,95.5,83.4,86,57.5,72.2,64.9,69.6,57,79.7,33.5,76.5,38.9,30.4,89.6,4.5,22.4,31.6,10.9,0,52.7,83.9,44.8,0.3,17.7,12,16.5,10.6,24.6,13.1,26.7,13,2.4,88.7,9.5,22.9,69.4,36.2,99.2,81.7,92.3,99.3,79.3,83.7,89.6,40,91.2,88.5,49.1,84.8,73.3,75.2,58.9,25.2,92.4,53.5,24.3,40.9,45.6,6,20.2,14,9.6
"GRK4",41.7,28.6,92,53.6,100,97,52.3,71.8,81,98.9,76.8,70.9,48.7,3.5,21.1,43.4,91.3,81.5,83.8,94,68.5,51.4,93.1,55.7,54,10.8,NA,NA,28.1,25.7,NA,NA,NA,NA,71.7,73.9,50.6,62.7,0.9,8.5,11.1,97.5,83.6,81.8,61.1,NA,37.9,NA,63.7,83.5,62.5,34.1,0.5,50.3,79.9,11.6,30.7,43.5,12.4,0.4,78,33.4,54.8,NA,NA,13.4,4.4,1.1,0,7.7,8.6,0,0,8.4,2,5.5,80.4,5.1,74.6,79.7,74.1,63.5,59.7,36.7,20.7,34.4,83.1,46.7,23.2,64.5,23.9,53.4,53.1,9.8,85.2,96.3,98.1,97.2,97.7,61.7,2.5,75.2,85.4
"GRK5",76.9,60.4,64.9,81.5,67.9,79.6,90.3,98.6,92.7,100,68.9,84.3,92.5,49.1,6.2,85,89.9,85,86.5,75.3,84.6,53,95,36.5,63,3.4,35.3,87.6,68.9,78.9,55.6,34.2,54.9,72.1,37.5,35.2,97.5,4.1,0.7,0.4,5.1,90.1,97,13.4,9,24.6,38.3,68,82.1,83.8,59.6,81.5,11,90.2,61.9,9.6,13.4,60.5,56.3,6.7,85,95.9,22.6,76.2,35.5,14.1,16.3,5.4,13.6,6,12.9,7.5,22.9,35.7,4.4,6.6,13.1,37.1,99.5,99.4,99.8,98.4,99.4,99.8,37.6,99,82.1,65.1,88.6,82.3,86.9,87.9,60.3,86.6,60.3,78.9,66.9,61.6,79.3,54.4,85.2,77.5,29.7
"GRK6",52.9,5.5,94.4,12.9,40.7,57.2,71.4,36,87.6,99.1,78.3,73.2,77.7,5.5,8.9,88.7,98,83.4,75,96.8,83.6,44.1,94.1,48.2,47.6,8.9,49.3,32.5,57.5,68.9,91.5,94.4,9,77.4,29.5,3.6,17.3,10.7,0.2,0.1,4.8,98.6,96.1,9.2,2.6,25.2,43,82,72.7,87.5,60.1,81.1,29.9,69.1,76.1,0,14.6,58.8,34.8,3.6,90.5,60.2,50.3,62.6,22.7,5.4,73.3,67.2,49.7,87.8,39.7,13.4,11.9,98.4,7.7,7.2,95.9,86.3,82,98.4,98.9,92.5,86.1,61.6,23.2,98.6,69.8,55.2,54.9,53.3,37.9,74.6,33.1,16.8,84.7,89.2,81.8,84.3,80.6,52.3,80.8,72.4,3.6
"GRK7",94.7,84.7,98.6,84.1,84.5,91.3,66.3,95,95.8,98.5,5.3,93.3,89.3,30.7,4.3,70.4,86.8,65.9,95,41.3,88.1,33.1,97,38.2,49.9,11.6,NA,NA,28.1,25.7,46.8,31.7,72.4,36.7,62.8,NA,94.1,19.3,0.9,3.9,3.9,40.5,58.9,30.7,11.5,66.5,5.6,35.7,NA,NA,NA,NA,NA,71.7,68.9,48.1,45.5,16.4,38.4,7.3,83.8,79.9,63.6,61.7,33.7,38.7,4.4,3.4,15.5,6.3,4.9,9.5,43.7,35.7,18.9,14.3,24.1,53.2,89.5,86.8,68.2,67.5,93.3,85.2,81.2,66.6,41.1,70,33.6,61,39.1,79.1,80.1,14.3,96.1,84.2,67.7,69.4,81.4,65.4,87.3,82.6,34.4
"GSK3alpha",0.1,0.1,52.2,100,98.1,96.5,99.9,35.8,65.8,28,70.4,37.6,16.9,1.6,30.1,18.4,36.3,83.1,19.3,30.7,54.2,70.7,16.7,8.9,52.7,23,98.7,94.2,97.8,99.8,78.3,85.4,82.9,26.7,0.2,23.7,33.4,37,93.6,83.1,62.7,1,54,13.3,45.8,74,99.5,60.4,63.7,90,40.8,78.1,0.7,60,91.4,4.6,72,9.7,19.8,58.7,15.7,13.9,19,0.8,97.2,14.5,9,22.4,1.8,13.4,3.6,31.5,17.7,8.1,7.9,30.1,46.6,39.9,40.8,67.9,51.7,11.3,49.4,25.6,63.9,53.1,68.1,48.9,53,53.1,59,66.3,34.3,93.1,49.9,52.9,13.8,61.1,35,5.7,51.3,53.2,9.5
"GSK3beta",0,0,47.7,100,93.2,96.5,100,79.9,80.3,49.2,53.4,71.2,28.3,5,24.3,36.3,70.8,89.8,39.4,0.9,37,71.4,20.5,2.3,55.9,9.6,99.5,94.5,97.2,99.6,94.1,90.7,22.7,3.3,3.5,21,20.1,44.7,72.8,86,91.4,0.5,24.6,2.4,58.1,93.3,89.4,95.1,55.4,93.7,55.6,54.3,1.1,18.1,74,0.5,64.9,21.6,7.7,27.3,18.7,5,19.1,39,96.9,10.2,0.2,1.9,0.4,0,0,1,8.7,2.2,0.2,9.4,29.4,57.2,32.3,70.5,74.1,18.5,7.5,48.5,68.9,84.9,63.9,10,20.2,9.2,51.5,16.2,2,99.8,28.4,34.2,0.9,64.6,18.7,4.7,42.4,37.8,0.4
"Haspin",50.5,15.4,29.4,41,11.7,41.9,89.5,93.3,85.5,94,27.8,95.8,19.6,12.9,55.8,38.3,22.6,62,18.3,77,50.4,91.9,4.4,37.8,25,15.1,43.2,38.7,NA,NA,NA,NA,4.3,43.8,43.4,24.2,73.7,62.9,12.9,78.5,3.4,39,31.2,82.5,99.8,34.2,8.9,46,NA,NA,NA,NA,NA,90.7,39.7,34,53.3,9.4,45.7,62.8,56.4,13.5,63.6,NA,NA,54.4,76.2,73.4,75,18.6,32.7,83.7,50.3,75.4,67.2,76.3,22.4,58.7,66.2,15.8,36.2,75.8,83.3,80.5,86.4,25.5,99.5,99.4,70.3,98.5,100,98,90.1,83.2,74,31,23.2,26,14.1,33,30.3,90.5,61.6
"HCK",40.2,1.9,19.8,44.3,0,0,84,85.3,76.4,33.9,3.5,0,100,99.9,86.6,99.6,99.9,81.7,12.7,77.8,67.4,85,99.2,88.4,50.7,97.9,0,0.4,0,0,0.5,53.2,76.3,91.2,0,94,98.9,2.6,27.9,12.3,95.9,34.8,98.6,0.1,0.3,89.7,36.4,97.2,0,0,6.4,0,0,99.5,30.1,99.8,78.5,57.2,2.5,14.4,57.6,70.9,18.8,100,3.3,73.9,10.6,9.7,6.5,4.4,8.6,36.5,72.8,31.2,4.5,15.4,57.5,70.7,5.1,73.6,89.7,62.7,49.7,72.2,74.1,99,80.1,59.4,5.8,57.1,10.2,2,53.2,13.2,8.3,82.9,85.9,79.2,36.4,13.8,23.2,22.6,0
"HIPK1",15.3,14.7,4.9,74.4,52.8,55.4,22.6,97.6,20.8,76.3,93.4,64.8,30.4,41.5,49.7,57.3,57.2,66.9,19.6,39.3,22.3,63.8,24.9,28,12.8,37.4,99.4,2.9,NA,NA,91.6,91.8,62.5,13.5,NA,NA,18.1,NA,0.3,0,75.7,30.6,33.5,71,99.5,51.8,68.2,8.1,26.4,55.2,NA,59.3,NA,35.5,0.4,25.6,2.2,NA,NA,NA,12.6,90.5,52.7,NA,NA,72.3,35.8,79,34,4,19,39.8,68.3,68.4,3.1,18.1,8.9,71.1,88.1,96.6,99.6,98.1,95.9,100,90.8,97.4,59.3,47.9,30,62.4,37.4,49.6,41.9,38.2,83.5,51.1,50.9,59.2,56.7,29.8,31.5,27,40.7
"HIPK2",54.1,68.3,6.3,28,95.7,85.2,89.4,100,81.7,94.9,95.5,85.2,41.5,11.6,33.2,14.4,10.2,60.6,17.1,80.5,89.1,93.2,93.5,51.2,51.2,13.8,97,71.2,56.2,50.4,99.2,99.6,94.2,43.9,5.5,6.9,38,11.7,38.9,62.1,60.2,3.1,39.9,93.8,97.7,0.3,42.3,1.5,59.4,97.7,58.9,87.4,24.2,45.2,0.7,83.1,20.4,30.6,47.6,57.4,27.9,94.9,79,4.2,81.2,41.3,4.3,16,15.1,34.1,8,15.1,80.5,95.6,2.5,35.3,32.3,93,83.6,97.3,99.3,96.6,84,94.4,14,96.8,62.4,34.7,66.9,34,42.2,53.4,17.3,94.1,41.7,0,0,0,0,74.2,77.8,43.9,1.2
"ICK",12.5,23.5,67.9,5.6,7.5,24,78.9,17,2.4,13.1,33.7,60.3,85.5,1.4,1.5,76.8,95.9,87.7,65.9,84.9,96.7,94.8,39.5,98.2,84.4,77.9,87.7,97.7,92.3,97.2,87.8,80.7,28.6,2.9,10.3,70.5,10.5,68.3,82.2,97.5,60.9,79,99.9,1.4,32.2,61.4,99.8,99.8,98.6,100,96.8,99.3,0.2,99.2,99.9,88.1,92.4,40.9,52,34.9,23.8,77.6,54.6,0.9,21.5,13.6,91,89.7,64.1,94.1,72.4,94.5,81.7,49.6,89.7,95.8,62.7,26.8,54,43.4,10.6,12.4,99.7,68.4,90.1,62.1,78.8,1.2,27.5,43.5,28,4.9,8.3,99.4,3.9,35.7,26.3,25.7,28.2,4.9,80.9,87.9,47.6
"IGF1R",68,34.6,55.7,98.5,0,0,NA,47.7,32.5,13.4,54.8,0.1,99.9,99.4,21.6,99,100,99.8,63.9,98.4,85.4,93.1,90.4,98.5,98.2,100,100,5.5,36.6,42.6,0.9,22,57.5,94.6,NA,100,NA,NA,66.8,45.5,4,15.4,97.2,NA,NA,42.1,85.6,99,64.6,30.7,71.9,36.7,2.9,97.9,63.9,99.9,90.6,64.2,73.6,48.2,39.9,63.3,NA,41.8,45.7,64,34.1,54.8,26.9,24.7,11.3,7,44.2,10.8,0,0,37.5,62.8,50.5,79.1,25.4,54.3,42.5,65.4,83,97.7,5.9,0.2,1.5,0.5,0,1,4.3,89.5,22.6,63.9,26.6,9.3,1,57,9.7,3.4,0.1
"IKKalpha",98.4,99.4,100,99.9,95.3,92.7,2.7,33.4,58.8,17.8,92.9,83,80.4,42.4,8.6,88.5,99.8,83.5,67.3,59.4,53.9,98.6,48.4,0.2,0.4,63,50.9,78.7,69.8,56.8,84.3,62.8,100,26.8,0,2.6,87.3,13.1,94.8,91.3,31.3,78.1,97.6,79.3,97.7,100,45.4,68.1,8,79.1,63.7,50.1,0,58.6,90,84.8,93.1,3.9,1.9,2.3,0,8.9,27.6,0.5,56.1,37.8,33.1,67.8,5.6,8.2,7.8,38.2,29.1,11.7,15,37.4,65.2,83.8,68.9,35.6,94.8,97.7,94.3,75.2,85.4,41.1,41.4,31.3,95.5,39.5,15.7,96.7,75.7,56.5,71.1,29.9,37.9,78.4,52.5,46,73.5,32.1,17.2
"IKKbeta",98.5,98.9,100,100,71.1,68.3,44,44.8,50.6,4.8,93.8,92.4,75.4,18.3,9.5,92.9,99.9,96.1,73.3,45.5,65.8,98.3,74.8,0.9,8.9,90.2,95.2,87.5,87.7,86.6,61,74.7,99.8,10.1,0,3.3,41.2,7.2,91.9,97.8,53.4,90.5,100,72,98.8,99.6,96.2,98.7,14.5,86.6,71.9,90.6,0,51,96.3,82.1,100,1.5,0,0.5,0,0.7,14.2,0.1,34.8,7.4,36.3,87.5,29.5,79.7,11.4,43.5,84.7,34.6,7.3,42.8,97.1,99.3,97,92.3,88.5,99,98.6,98.7,97.5,57.4,33.2,1.1,69.5,8.5,1.5,71.6,30,61.2,58.9,52.9,64.7,75.4,51.1,5.5,36.3,14.4,4.3
"InsR",NA,NA,NA,NA,0,0,NA,NA,NA,NA,6.4,0,100,99.1,31.3,99.5,3.5,NA,67.7,98.8,90.5,NA,69.7,93.4,NA,1.4,100,12.3,NA,NA,0,23.4,57.4,93.4,NA,NA,NA,NA,88.8,39.8,4.2,10.4,97.7,NA,NA,73.8,72.3,91.7,98.4,91.4,94.3,73.6,21.7,94.6,79.2,99.4,94.7,11.6,13.8,17.5,4.8,36.4,NA,NA,NA,99,46.8,74.8,16.3,22.2,4.6,6.8,50.2,12.8,0,0,73.1,92.4,94.6,99.1,66.9,98.1,89.1,91.4,94.2,99.9,0.2,0,0.1,0.1,0,0,7.6,99.4,79.3,82.3,40.2,8.9,1.4,64.1,8.4,3.2,0
"IRR",NA,NA,NA,NA,39.3,89.9,NA,NA,NA,NA,20.4,14.8,NA,NA,NA,NA,NA,NA,NA,NA,NA,NA,NA,NA,NA,NA,NA,NA,NA,NA,NA,NA,NA,NA,NA,NA,NA,NA,48.6,3.2,NA,NA,NA,NA,NA,90,68.1,98,70.9,60.7,73.2,25.1,94.1,NA,NA,68.8,42.2,NA,NA,NA,NA,74.8,NA,NA,NA,NA,NA,NA,NA,NA,NA,NA,NA,NA,NA,NA,NA,NA,NA,NA,NA,NA,NA,NA,NA,NA,NA,NA,NA,NA,NA,NA,NA,NA,NA,NA,NA,NA,NA,NA,NA,NA,NA
"ITK",61.8,5.4,28.6,52.3,0,0,81.2,85.2,76.8,34.3,8.9,0.3,100,100,88.1,99.7,99.3,76.8,10.9,77.2,70.1,84.2,99.1,87.6,51.2,94.6,0,0.2,0,0,0.3,45.5,76.2,91.2,0,94,98.9,2.5,28.4,10.9,95.4,35.1,97.9,0.5,0.1,92.6,36.8,97,0,0,7.8,0,0,99.2,30.2,99.6,76.5,60.3,3.4,16.1,56.5,72,18.3,100,3.3,74.1,13.9,12.8,7.6,9.2,11.3,50.9,82.5,29.7,8.7,19.2,64.6,71,4.5,66.9,86.7,56.3,44.7,61.1,73.4,96.3,81.8,56.8,6.2,60.8,10.7,2.1,57.7,14.2,9.7,81.9,85.4,80,33.9,19.3,17.7,24.8,0
"KDR",46.5,32.9,92.1,98.5,0,0,NA,77.3,79,28.4,12.2,50.2,NA,NA,NA,NA,NA,NA,NA,87,90.5,NA,48.8,NA,NA,85.7,NA,NA,NA,NA,NA,NA,NA,NA,42.5,NA,99.8,NA,80.5,15.4,46.6,34.9,64,2.4,0.1,77,84.8,97.4,32,12.9,26.3,7.5,0.1,87.4,42.4,97.7,40.6,74.6,60.8,38.1,NA,76.4,NA,NA,NA,NA,95.4,90.1,43.1,99.9,81.9,99.4,99.2,24.6,97.6,88.2,93.6,56.5,8.2,12.1,7,4.9,14.9,0.3,38.1,1,92.1,49.8,47.6,79.9,45.1,33,63.5,52.3,30.3,NA,NA,NA,NA,NA,NA,NA,NA
"Kit",1.8,4,19.6,49.1,0,0,46.4,77.3,79,28.4,7.5,3.5,100,NA,NA,NA,NA,NA,16.6,87,97.7,18.7,77.7,58.3,NA,78.1,NA,NA,61.4,41.2,29.3,45.9,NA,NA,58.5,NA,99.8,NA,66.9,50.3,93.9,19.8,85.8,0.2,0.2,99.4,88.7,99.5,14.7,15.2,55.4,31.6,32.5,88.3,59.4,99.9,58.7,15.4,0.9,16.5,89.2,74.8,NA,90.2,10.7,70.2,32.1,51,75.3,90.2,81,76.3,67.6,89.3,80.6,75.7,64.7,39.8,53.1,83.5,58.1,74.9,16.6,39.4,22.5,41.5,97.8,97.5,94.5,76.7,84.5,36.2,3.4,10,1.8,56.9,69.8,70.7,16.4,13.3,6.6,16.4,47.1
"Lck",61.4,5.3,28,51.9,0,0,81,84.9,77,33.9,12.1,0,100,99.9,88.2,99.5,84,61,14.6,86.2,67.4,85.2,99.3,91.1,51,61.8,0,0,0,0,0,22.9,75.8,93,0,94,98.9,2.6,37.9,8,94.5,31.7,98.6,0.5,0.1,94.7,39,99.4,0,0,10.4,0,0,99,29.6,99.8,82,57.7,2.9,15.1,44.4,72.5,17,100,3.5,84.3,16.9,14.3,6.6,10.3,9.9,45.1,81.7,25.5,0.7,3.3,66.4,74.5,4.8,68.8,79.7,55.8,43.1,56.5,77.2,96.7,54.8,15.4,1.3,22.2,0.2,0.7,50.6,30.2,17.1,81.7,84.2,73.7,17.8,27.1,15.5,16.7,0
"LKB1",71.3,3.4,12.6,7.9,67,82.4,97.9,95.9,100,88.8,5.6,55.7,22.1,29.2,62.7,78.4,88.3,40.9,23.5,3.5,3.1,5.8,17.5,59.1,2.5,15.7,84.8,37.2,78.1,67,66.6,65.4,53.9,20.2,7.8,25.4,90.2,56.7,5.2,10,78,20.6,11,19.6,43.9,82.6,79.6,96.6,10.3,24.3,29.8,5.1,54.1,74.5,43.4,6,38.5,92,61.1,94.1,12.2,94.9,44.2,34.8,44.8,70.5,8.8,5.7,4.8,9.6,20.7,5.1,39.4,25.9,5.6,8.6,22.8,55.2,36.2,55.9,44.9,28.9,26,29.5,31.1,23.4,37.4,0.7,71.9,0.6,51,6.4,0.6,100,1.4,77.2,85.8,78.7,75.3,68.1,7.2,7.7,39.1
"LOK",NA,NA,NA,NA,63.2,54.6,NA,NA,NA,NA,94.9,46.4,NA,NA,NA,NA,NA,NA,85,97.7,24.9,17,14.8,61.3,98.3,96.6,NA,NA,NA,NA,NA,NA,NA,86,NA,17.1,22,NA,59.6,58.8,35,NA,91.2,NA,NA,66.9,NA,90.1,NA,NA,NA,NA,NA,68.9,40.8,NA,NA,19.9,72.4,76.4,31.4,19.5,53.1,99.6,96.4,95,43.4,27.1,49.7,46.7,29.1,6.1,84.2,11.2,12,20,24.2,37.2,17.1,23.1,32.8,9.8,24.9,16.5,78.6,39.2,10.5,3.2,7.8,5.2,0.3,8.2,32.5,60,61.4,NA,NA,NA,NA,NA,NA,NA,NA
"Lyn",57.5,4.7,27.2,55.1,0,0,84.9,86.2,73.5,29.2,8.8,0.1,100,100,88.6,99.7,99,74.4,10.7,75.3,73.3,82.6,98.9,90.8,54.8,93.7,0.4,3.1,0,0.1,0.2,69.2,78.6,90.2,0,94,98.3,2.6,27.5,11.2,95.3,38.4,97.5,0.5,0.3,95.6,41,98.2,0,0,4.6,0,0,98.6,24.6,99.8,72.1,60.2,2.8,23.5,76,77.5,17,100,3,73.6,16.6,13.8,8.6,12.8,13.7,59,86.2,30.3,24.5,33.5,65.9,68.1,3.7,61.2,85.1,51.7,42.4,52.6,71.8,94.1,83.9,56.3,7,60.8,9.5,2.3,55.2,11.3,9.7,85.8,86,80.8,41.8,10.4,31,22,0
"MAK",19.8,15,14.5,44.7,87.5,88.8,39.1,94.6,45.8,33.4,94.3,35.7,21.1,22.6,65,20,0.7,20.3,32.6,8.3,16.1,55.5,47.2,0.5,2.4,23.8,96.7,94.4,96.2,94.6,99.4,78.2,54.1,0,4.1,3.8,18.4,21.4,72.2,94.8,15.1,0.1,20.1,11.3,97.9,94.2,19.9,1.4,98.2,96.6,96.4,100,97.1,89.9,93.9,95,99.8,6.9,7.6,21.8,99.3,99.9,11.6,99.7,48.7,59.8,99.6,96.9,99.1,99.7,94,100,97,77.8,100,100,86.7,10,83.8,13.2,0.5,28.1,100,16.1,84.6,1.6,65.6,72.9,78.3,88.7,87.4,98.9,88.8,83.7,93.9,2.1,27.3,10.2,19.6,19.8,73,69.6,82.9
"MAP2K1",13.5,36.3,71.5,20.8,50.5,91.7,4.7,63,37.3,89.5,75.3,0,99.8,99.9,61.9,100,4,96.1,87.6,98.7,37.4,95.1,99.8,96.9,59,3.2,100,28.6,78.9,69.9,1.4,13.8,68.5,95.6,55.1,29.8,65.3,7.9,84.4,92.9,0.6,26.1,100,0.3,0.9,98.5,80.9,100,100,100,100,99.8,9.5,100,99.4,100,98.2,34.5,6.1,22.5,0,12.4,8.6,5.2,8.3,84.8,14.6,44.5,5.2,9.3,2.7,0.2,68,6.4,0,0,84,97.5,89.3,99.6,44.4,64.4,71.8,93.2,99.3,100,0.1,0,3.3,0,0,0.5,19.6,99.5,57.9,80.1,45.5,13.8,2.2,61.2,5,5.4,0.4
"MAP2K2",53,72.3,72.2,11.6,27.2,56.5,1.5,66.5,63.7,76.1,96.4,0.1,96.8,98.6,59.1,99.3,3.8,74.4,62,93.2,52.3,69.9,96.1,88.7,71,20,99.5,60.1,82.7,82.4,4.5,2.8,50.8,90.7,1,45,53.8,31.5,96,88.5,11.3,16.1,81,7.3,46.2,80.3,75,99.8,100,100,100,100,72.3,99.9,98.8,100,99.2,14.1,21.8,25.7,1,14.3,27.3,51.1,1.5,85.7,23.9,54.8,14,4.3,7.9,2.6,60.6,9,0,0,81.5,92.2,92,99.3,38.2,93.2,88.5,94.8,98.6,100,0.1,0,0.2,0,0,0,10.7,6.8,52,70.5,55.7,39.4,65.6,70.7,7.6,12.3,2.4
"MAP2K3",90.8,99.3,100,98.1,98.1,94.4,22.7,47,20.7,50.4,38.8,12.2,95.7,6,2,98,99.6,63.4,97.1,68.7,0.1,77.3,87.2,51.3,30.9,8.4,44.1,57.6,38.6,33.2,48.7,15.2,87.1,45.7,0.1,86.9,97.6,97.2,97.2,97.1,28.6,96.6,100,10.7,15.9,99.9,96.3,100,95.2,96.6,93.8,31.5,32.4,99.7,90.3,99.3,92.8,19,28.1,28.1,35.5,59.6,11.2,90,1.3,30.5,42.5,42.7,45.1,8.2,3.3,20.7,70.8,72.6,3.1,5.2,25.9,93.3,66.4,62.5,40.1,42.5,31.1,41.4,58.5,34.9,8.9,16,89.6,3.8,19.6,91.8,8.9,65.7,65.3,73.1,73.5,46.6,1.6,69,22.7,74,2
"MAP2K4",99.1,94.7,100,99.3,80.1,78.9,5.8,6.2,13.8,71.3,69.3,68.6,93.8,1.6,0.7,97,99.2,57.5,93.7,10.9,0.1,61.6,85.1,57,44.3,27,46.7,65,27.8,35.9,70.8,58.4,67.5,15.7,33.2,7.4,25.8,20.7,78.5,94.6,96.4,88.3,100,17.7,3.3,96.3,75.9,90.4,60.4,42.8,52.8,4.8,1.1,97.9,32.2,98.9,78.8,32.9,9.7,6.5,0.7,53.4,27.2,0.1,16.6,8.9,8,10.6,2.6,3.2,1.2,11.9,83.7,59.4,4.2,27.2,11,68.6,80.6,65.5,68.2,23.9,19.5,29.1,15.2,13.8,92.6,82.6,70.5,60.9,22.3,46.6,3.2,5.8,8.5,80.2,85.6,57.2,4.5,60.4,20.3,46.7,1.6
"MAP2K5",65.2,76.1,100,100,28.1,19.3,49.3,36.7,53.6,6.5,54.4,42.5,90.1,79.3,18.5,74,30.9,35.7,95,52.1,24.4,77.1,54.7,41.3,93.8,38.1,98.7,55.6,46.7,61.4,5.6,14,65.3,47.3,13.4,34.7,21.2,25.3,70.7,76.9,45.4,94.8,29.7,14.7,67.9,75.6,91.2,79.6,75.8,46.1,67.1,80.9,72.1,99.8,75.2,100,90.8,85.4,71.7,84.9,33.6,90.7,16.5,100,99.1,77.9,44.1,65.2,48,82.8,57,43.6,99.2,65.9,51.5,52.5,67.8,94.7,62.1,74.7,72.1,78.5,55.1,65.2,47.1,49.1,62.1,35,31.1,62.1,51.4,47.3,54.1,77,75.1,44.4,55.7,26.9,18.7,2.5,3.7,14.8,11.4
"MAP2K6",100,100,100,98,95.2,90.8,37.8,50.3,66.4,88.9,46.5,29.4,93.3,7.8,2.2,97.7,99.3,50.5,97.9,43.9,0,65.3,69.7,23.9,26.2,11.6,28.6,44.5,18.7,16.3,45.3,28,98.5,24.4,2.3,0.9,89.3,46.8,97.6,99,79.3,97.6,100,13.6,12.4,100,99.6,99.6,66,57.7,28.8,2.9,16.6,96.6,72.3,97.9,85.7,29.8,40.9,34.6,46.9,50.6,39.1,88.7,12.6,73,26.5,53.6,62.7,37.7,14.6,45,87.9,82.5,33.2,58.3,85.3,88.8,40.8,50.8,41.4,51.2,6.5,38.1,57.1,28.8,84.8,78.9,93.6,52.4,79.8,97.7,7.7,85,89.5,78.8,78,49,1,76.9,43.2,82.8,2.2
"MAP2K7",72.7,96.7,99.6,95.1,86.1,81.4,3.8,33.2,28.1,60.4,38.5,81.6,98.4,31.2,0.4,97.5,90.5,25,89.4,34.4,0,68.2,72,71.2,35.1,77.1,32.7,49.4,33.5,21,71.4,59.8,29.3,8.8,40.8,66.5,59.1,71.2,73.6,71.3,70.9,91.1,99.8,8.6,1.4,100,97.6,98.8,50.2,33,37.2,3.8,7.9,99.9,50.6,98.5,36.1,54.4,13.7,35.6,8.1,56.7,39.3,99.7,94,96.3,66.6,29.2,3.4,46.6,2.4,25.3,84.6,24.3,29,39.2,31.2,53.1,66.1,44.4,81.5,18.6,9.6,9,42.2,19.5,92.2,80.1,95.4,57.3,32.7,75.8,2.4,10,13.2,83.9,87,59.8,2.6,49.4,8.4,54.3,1.4
"MAP4K4",7.4,6.1,9.5,13.7,43.8,44.7,16.2,32.7,60.2,89.6,11.3,68.7,80.1,74.5,31.8,68.1,94.9,88.8,51.4,56.9,29.4,60.6,31.1,46,33.7,100,85.3,53.6,76.3,86.5,86.4,47.5,93.7,43.4,1.4,86.2,99.7,77.9,90.9,87.1,60.1,18.4,30.6,1.8,8.5,5.8,14.8,19.1,12.2,28.4,31.3,0.1,26.4,48.3,80.8,22.2,60.7,37.2,46.8,43.9,11.8,39,5.2,40,47.9,26.9,10.9,57.5,40.3,31.6,36.3,29.9,53.3,65,34.9,41.5,40.1,66.5,61.4,85.7,94.9,85.5,56.1,76.6,53.8,94.1,43.4,97,77.7,43,77.1,89.1,25.1,17.1,75.4,3.6,4.3,4.4,0.5,90.4,22.5,9.4,4.8
"MAP4K6",3.7,5.1,39.8,91.2,15.9,92.6,99.7,36.8,73.4,5.5,72.6,79.7,19,38.8,57.9,19.3,23.9,82.3,58.6,5.5,9.3,24.1,5.2,55.1,34.5,21.2,36.6,8.5,67.4,87.7,39.1,23.8,17.6,46.2,46.2,4.7,48.9,24.4,26.9,19.5,50.7,22.6,0.3,67.5,6,63,36.4,28.4,9.9,13.2,3.3,0.7,8.7,11.5,5.8,21.3,33.7,31.9,17.2,25.5,NA,78.5,0.3,98.4,1.2,24.9,1.6,3.6,2.1,3.1,5.7,1.1,4.2,12.7,1.4,12.7,9.5,26.8,31.3,44.3,40.8,34.9,51.9,39.1,25,57.5,68.2,93.7,71.3,64.4,90.1,79.1,51.1,68.9,80.2,12.9,18.9,36.3,11.1,49.4,10.9,51.6,9.1
"MAPK1",3,38.6,23.1,0,70.2,98.7,78.9,80.8,26.6,21.8,47.9,41,38.3,6,35,33.1,2.2,54.8,96.8,0,20.2,97.8,0.5,3.3,0.5,0.6,100,99.9,100,93.4,100,99.8,19,0,0,0.3,39.2,5.5,99.5,100,25.3,0.8,84.7,0,0,54.7,71.2,96.4,76.3,99.1,94.4,14.9,1.9,100,100,100,100,4.3,0.3,2.5,3.3,1.6,99.2,98,7.6,99.6,4.2,13.2,0.5,0.2,0.5,42.7,3.6,0.5,0.3,63.9,51.9,65.8,100,98.5,80.6,81,98.7,99.9,99.8,84,0,0,0,0,0,0,0.1,100,1.3,1.1,1.6,4.5,0,0.1,40.9,81.9,0
"MAPK10",94.9,99.7,100,100,88.8,76.8,21.5,78.3,26.8,0.6,11.1,0.4,90.6,82.2,34.7,52.2,30.3,39.4,84.5,39.1,65.1,79.6,81.6,31.5,44.7,69.6,35.8,90.6,43,48.7,87.2,79.1,64.2,24.4,58.3,3.9,32.1,39.7,99.2,97.8,45.8,97.6,99.4,21.6,17,43,99.8,98.1,92.9,93.9,92.6,96.7,88.3,96.3,99.7,99.8,100,6.2,1.4,22.5,1.6,40.1,21.9,0,43,71.6,1.9,8,0.4,2.3,0,1.2,9.5,0.1,0.5,6.6,54,55.3,29.5,18,21.5,28,0.1,22.8,23,20.2,45.6,0.5,71.1,2.5,0.8,7.5,0,15.6,0.2,45.6,84.9,76.9,72.1,29,11,47.7,18.6
"MAPK11",76.5,79.6,99.9,76.3,92.1,96.3,90.9,99.5,73.7,1.4,93.4,85.5,8,1.2,39.4,20.8,14.6,69.9,67.7,19.8,69.4,99.6,28.5,31.1,1.5,12.6,100,100,100,99.3,99.5,91.9,36.8,0,0,0,8.3,70.7,97.8,100,55.3,46.5,99.5,2.3,33.4,16.6,50.3,13.2,91.3,97.4,90.9,84.9,74.6,91.4,100,97.9,99.8,13.4,4.4,22.8,19.2,78.4,81.6,15.1,0.7,97.1,1,4.6,0.5,3.2,0,11.7,17.6,0.5,8.3,68.1,87.5,67.1,61.3,14.9,73.7,58.4,3.8,81.9,74.3,52.1,60.7,0.9,5.3,7.4,5.7,3.3,0,89.1,12.8,26.7,40.9,83.2,45.7,9.3,69.6,87.4,2.1
"MAPK12",59.8,86.6,99.9,88.6,94,93.4,62.5,96.3,70.4,3.3,95,96.4,31.2,12.3,54.8,27.5,33.1,63.7,18.9,48.8,71.5,99.4,47.9,67.3,30.3,6.8,83.2,97.9,97.9,95,100,97.6,28.5,14.3,20.4,0,5.4,21.4,90.9,99.9,72.7,6.1,96.5,10.4,28.9,55.1,98,95.1,92,95.3,89.5,79.8,66.9,73.2,95.1,79.1,100,13,0.5,3.2,9.9,64.7,95.9,96.7,4.8,99.1,2,5.3,0,0.1,0,34,26.2,0.2,1.1,52,41,20.5,56.2,29.7,56.1,46.1,10.4,64,49.4,48.1,90.4,4.3,40.3,18,29.3,9.7,0,97.4,2,15.6,56,54.6,17.4,4.2,31.7,86.1,3.8
"MAPK13",89.5,92.5,99.9,53.2,68.5,82.6,94.9,82.9,45,13.7,37.6,18.1,44.6,38.8,46.5,79.2,41.8,29.7,25.7,34.3,66.9,97.3,55.3,84.8,46.9,52.4,64.5,85.4,67.8,70,89.8,59.7,33.6,9.1,25.7,9.2,14.2,69.6,90.2,100,52.6,10.8,98.4,15.8,45.2,28.5,63.4,30.6,89.2,95.1,89.8,79.3,44.2,78.8,55.3,95.8,94.7,48.1,1,1.1,27.2,78.6,90.1,37.6,16.9,99.4,1.5,4,1.3,3.4,0.8,10.9,24.9,0.9,19,73.7,11,9.6,26.1,1.8,8.5,6.2,2.7,45.9,34.7,22.7,79.9,7.5,34.6,29.4,26.3,14.6,1.8,90.2,13.4,5.5,50.2,49.8,12.7,19.8,36.1,86.8,2.7
"MAPK14",93.4,60.4,100,69.2,72.1,88.9,77.8,98.4,81.3,1.4,61.6,92.8,12.5,1.7,39.7,30.6,34,58.7,80.7,52.3,55.8,97.7,39.7,35.3,14.2,18.7,99.5,100,98.5,42.9,97.6,79.6,37.6,0,11.2,11.6,5.4,32.3,97.5,100,64,75.9,97.1,9.8,30.2,8.4,88.5,88.8,81,89.9,88.7,84.9,80.5,90.1,99.8,99.3,100,32.8,5,52.3,9,75.3,92.6,0.8,0.8,98.2,1.4,12.5,0.2,0.1,0.1,11.8,20.2,1.1,14.1,35.5,73.9,15.8,96.9,56.1,57.9,91.1,27.1,93.3,78.4,51.7,28,0.3,3.8,3.4,2.4,1,0,76.8,4.1,11.9,42.5,32.1,16.1,0.7,11.8,51.8,1
"MAPK3",0,0,0,0,89.8,100,99.4,99.9,64,8.7,100,99.4,5.4,0.2,52,2.4,0.5,57.5,92.2,0,46.7,100,0.6,0.6,0,0,100,100,100,100,100,100,2.9,0,0,0,3.7,3.4,100,100,35.4,0,0.6,0,0,14.1,85.9,79.5,62,99.9,97.3,58.9,9.8,100,100,99.8,100,1.2,0.1,0.3,0,0.4,99.4,21.3,2.4,100,66.1,48,0.1,0.9,0.1,99.7,4.1,0.2,9,85.8,99.9,95.8,100,100,100,100,100,100,100,91.9,3.8,0,0,0,0,0,0,100,3.8,0,0.1,1.4,0,0,88.9,78.9,0
"MAPK7",80.9,30.4,66.9,26.7,80.3,73.6,58.5,52.5,32.1,21.1,99.3,99.4,2.7,11.2,58.7,6.5,1.7,82.2,29.7,15.6,29.9,88.6,32.2,34.6,24.8,0.3,99.7,95.7,86.3,74.8,99.4,94.2,37.6,5.7,11.1,28.1,56.7,46.3,53.7,99.5,33.5,59.5,98.7,0,0.5,92.1,63.4,98.6,18.3,84.6,2.2,11.3,1.4,98.6,99.9,97.6,99.9,16.6,36.6,38.1,4.7,38.3,59.6,76.5,55.9,54.1,4.6,43.3,3.5,0.1,4.1,5.2,89.8,7.1,2.5,44.7,42.3,73.2,84.6,91.2,56.6,59.7,61,99.9,74.5,95.1,19.9,0,2.1,2.5,1,0,9.1,99.8,4.6,12.6,51.5,43.7,30.8,0.5,13.3,69.4,6.1
"MAPK8",0.1,5.5,100,100,96.8,92.9,99.3,72.9,60.7,16.6,71.9,1.9,88.6,19.4,8.8,8.9,29.5,60,42.5,17.2,60.7,98.2,34.3,23.1,51.6,59.7,91,91.4,62.6,64.9,99.7,66.1,42.8,1.4,0.8,0.2,23.2,34.8,92.6,96,66.7,46.4,99.1,5.7,13.7,48.2,99.8,99.8,90.9,96.5,80.7,97.8,19.7,100,100,100,100,19.6,2.2,35.5,0,12.1,40.5,0,62.6,88.9,4.4,13.6,0.7,24.5,0.6,8.4,23.4,0.7,3.4,39.8,76.9,63.8,95.5,98.1,79.4,92.6,24.5,94.7,95.6,92,91.8,1.5,61.1,6.8,46.6,1.8,0,99.8,0,0.9,14.3,15.6,0.8,11.2,59.2,76.2,3.3
"MAPK9",92.4,58.2,99.8,74.4,87.9,79.7,90.2,69.9,42.2,24.4,41.9,2.4,69.9,44,22.3,54.8,12.8,18.1,30.3,73.5,77.9,98.2,83.1,71.8,63.6,42.8,90.8,79.4,58.8,66.4,95.6,71,63.6,8.8,19.4,8.7,33.8,18.4,90.2,99.4,27.5,19.8,72.1,16.7,12.7,57,54.3,70.2,84.8,94.8,91.8,95.1,81.9,100,100,100,100,58.2,29.1,55.6,18.8,84.9,67.1,64.5,44.7,97.7,5.4,16.2,2.9,18.1,0.4,4.1,36.9,0.6,3.9,9.8,52.3,73.7,81.2,39,46.4,71.9,3.4,81.4,66.4,64.1,16.4,12.7,13.9,6,10.5,7.1,0.8,5.3,8,0,0.1,0.2,0,55.8,47.1,36.4,0
"MAPKAPK3",66,69.7,84.3,56.2,48.6,9.1,28.2,77.3,61.5,66.6,17.3,22.5,99.1,0.4,0,99,100,98.3,65.3,5,38,39.8,50,78.6,24.6,78.8,54.2,58.2,66.9,73.3,16.2,22.4,38,18.6,18.2,87.1,94.5,82.2,47.4,98.7,78.5,87.6,99.8,33,97.7,98.4,97.3,90.5,0.4,27.1,46.5,24,0.2,99.6,64.9,99.5,42.9,25.4,10.6,10.9,13.2,38.1,47.6,95.4,60.1,10.2,100,100,100,100,100,100,100,100,71.5,97.2,100,98.6,58.2,10.5,70.1,86.4,6.1,2.4,19.4,1.1,14.9,12.9,26.5,6,3.6,16.1,1.8,1.2,5.3,4.9,6.2,15.3,37.1,40.1,40.8,30.6,11.6
"MAPKAPK5",67.3,66.6,89.4,64.6,51.3,11.3,88.1,31.5,7,59.2,18.8,34.3,98.8,0.3,0,99.1,100,99.1,64.7,3.9,44.1,46.1,49.4,82.8,26.2,83.9,81.2,45.5,47.6,45,44.6,31.8,36.5,18.5,19.9,88,94.4,83.9,64.7,99,64.7,87.6,99.7,24.1,97,90.4,96.7,90.3,0.4,27,50.1,26.2,0.3,99.4,75.3,99.5,62.1,26.9,26.4,21.4,12.5,22.6,55.9,95.5,61.1,10.4,100,100,100,100,100,100,100,100,81.8,97.9,100,98.8,58.6,7.8,80.8,89.9,3.5,2.1,17.6,0.6,8.6,4.5,12,3.6,1.5,5.1,2.5,0.8,3.9,68.1,21.5,86.8,80.7,61.8,55.7,74.5,69.9
"MARK1",5.8,9,73.4,90.9,73.7,96,78,53.1,50.2,32.1,56.5,100,41.8,18.7,50.4,37.2,21,20.2,3,30.7,92.2,81,30.4,44.7,17.6,0,63.1,53.8,68,75.1,NA,NA,61.2,63.9,54,0.1,52.1,53.6,73,88.5,78,24.8,43,78.9,94.5,99.3,84.3,61.3,11.3,40.4,4.4,1.2,97.6,43.4,2.6,0.4,0.5,61.6,26.8,48.1,20.4,0,22.1,100,26.6,72.9,87.4,46.4,25.4,92.7,10.2,93.3,29.8,71.3,3.4,12.7,39.1,12,25.1,20.7,99.9,48.9,34.9,27.8,4.6,51.2,73,29.7,16.2,15,38.1,16.4,2.3,52.9,65.5,0.8,3.5,12.1,9.9,3.6,11.9,27,8.3
"MARK3",0.3,0,21.5,28.4,89.7,97.1,46,90,77.2,50.9,95,93,45.5,36,50.6,36.4,22.6,19.6,1.5,29.3,75.4,53.2,37.6,62,37.6,56,56.3,43.6,47.6,50.7,97.1,84.5,88.5,33.9,69.8,0.4,35.9,65.4,73.1,93.1,74.2,3.4,62.5,81.4,98.7,99.3,61.5,66.8,0.6,51.4,0.5,2.1,31.3,46.5,0.2,14,0.4,44.8,9.3,27.5,6.5,1.1,46.9,98.4,37.8,69.6,60.6,61.6,21.8,86.2,28.9,56,29.3,83.4,3.3,49.3,27.9,9.6,48.1,4.5,99.9,37.7,50.2,81.3,4.9,87.5,23.8,62.8,31.1,7.7,22.9,13.8,20.8,15.7,26.4,2.7,2.4,9.8,11.8,17.3,8.5,23.7,23.4
"MARK4",1.1,0.3,18.2,42.2,66.3,97.5,95.8,91.5,99.6,85.7,78.2,99.8,33.3,18.3,55.7,31.6,21.3,25.3,1,20,38,21.1,9.3,12.7,5.5,0.8,68.8,55.9,60.6,72.5,58.8,76.9,82.7,64.8,61.4,0.8,72.9,83.5,72.3,54.2,75.6,11.9,54.5,94.4,76.5,99.9,90.3,65.6,36.3,21.4,29.3,49.9,95.1,37.2,1.1,8.4,3.1,61.5,39.9,28.6,10.5,1.2,52.2,100,30.1,67.6,33.2,13.8,10.4,39.4,26.9,62.8,52.4,43.2,1.1,6.9,23.8,28.4,64.6,37.1,94.2,40.3,54.3,32.4,31.3,28.8,87.1,59.5,52.2,62,73.8,45.8,12.7,80.7,17.2,2.7,5.4,9.8,4.4,0.7,0.5,2.6,0.1
"Met",53.6,27.2,22.1,98,0.1,0.1,NA,NA,NA,NA,0.6,0.1,100,98.5,5.6,99,100,100,50.5,98.1,90.5,91.2,93.3,81.5,95.3,100,100,12.3,65.7,53.6,0,23.4,57.5,89.7,NA,NA,NA,NA,93,68.7,29.3,12,98.8,NA,NA,31.8,66.6,99.9,44.3,16.8,42.9,10.8,1,100,50.7,100,75.9,99.2,96.1,89.8,25.1,70,NA,41.8,45.7,32.6,55.4,83.6,30.5,43.8,6.7,64.6,87.3,22.5,1.3,13.4,56.7,73.1,99,99.6,98.4,99.8,98.4,99.1,83.3,99.7,29.1,6.6,3.8,1.8,0.9,3.3,5.2,84,24.9,82.3,40.2,8.9,1.4,64.1,8.4,3.2,0
"MOK",76.6,93.5,100,99.2,3.1,80.7,54.2,28,7.5,4.2,86.9,15.3,52.8,28.9,61.6,39.7,0.4,2.3,91.1,18.8,45.7,71.9,17.1,11.6,8.1,54.6,100,87.6,99.5,99.8,100,88.1,9.3,0,0.1,45.5,62.7,46.1,99.5,99.8,35.9,89.8,91.2,0,0.2,33.5,99,93.3,98.8,100,96.1,82.3,0,95.1,96.6,98.3,100,19.8,12.7,13.6,9.1,91.8,16.7,1.1,52.4,63.6,20,29.6,24,0.4,2.9,79.7,63.6,4.2,54.9,75.9,2.4,2.1,13.8,9,0.1,1.2,21.5,39,64,9.5,21.4,1.1,6.5,8.4,0.5,2.8,1,8,7.7,16.8,37.1,38.3,30.3,0.9,7.5,33.6,4.1
"MRCKa",67.9,13,93.6,83.8,37.6,51.6,70.6,81.8,88.5,97.2,67.5,90.2,35.6,49.3,63.7,47.1,30.8,53.3,29.1,56.1,5.5,56.9,35,37.4,36,14,15.1,60.2,64.2,53.6,93.9,91.9,67.5,89.6,96,63.1,19.9,20.2,84.2,84.4,24.7,0.9,12.4,87.8,12.9,96.7,60.4,33.5,96.1,98.1,81.7,96.9,91.4,68.5,31.8,36.9,26,68.6,67.1,51.9,9.5,76.5,14.2,65.5,63.7,21.7,0,1.3,49.8,83.7,89.6,27.5,20.8,89.9,81.3,96.5,76.3,11.9,21.3,91.3,75.5,90.6,99.8,100,99.6,67,99.9,99.9,92.6,100,99.6,96.2,84.5,42.9,22.9,25,26.9,18.8,21.4,22.2,61.6,30,11.4
"MRCKb",93.8,62.5,61.8,70.6,39,69.3,86.7,46.1,86.3,76.8,61.5,86.8,NA,NA,NA,NA,NA,NA,21.8,74.4,74.2,50.2,38.3,42.7,48.9,12.5,NA,NA,NA,NA,NA,NA,7,92,38.4,47.7,51.2,NA,92,26.1,49.1,22.2,NA,89.7,9.7,96.9,70.6,89.3,66.9,78.6,34.8,68.9,56.6,68.7,61.6,43.3,56.2,68.5,73.7,39.2,38.8,66.9,NA,32.7,56.6,NA,46.6,84.2,98.4,89.6,99.7,97.9,52.2,100,99.1,100,100,95.6,84,60.8,79.8,94.4,56.8,92.8,57.2,34.3,100,100,98,100,99.6,94.1,90,14.4,7.8,55.9,47.1,51.7,29.3,15.4,55.8,36.3,7.8
"MST1",6.9,6.6,14.5,95.4,38.4,90,31.1,NA,NA,NA,84.2,53.6,71.8,46.3,25.5,76.1,31.2,26,4.3,44.9,14,45.8,54.6,24.7,59.9,49.9,NA,NA,NA,NA,NA,NA,49.6,NA,62.5,8.4,90.4,8.6,17.8,41.9,85.7,NA,17.2,NA,NA,48.8,39.6,31.1,55.5,41,88.3,80.7,58.3,50.2,51.9,44.9,49.7,87.2,67.4,75.3,13.3,100,2.3,99,54,90.3,47.8,46.1,78.7,49.4,78.3,56.4,78,60.1,10.2,68.6,57.3,72,74.9,58.1,85.7,46.6,99.6,59.2,74.3,97.5,98.5,98.3,82.2,84.7,82,82,1.5,2.6,52.8,NA,NA,NA,NA,NA,NA,NA,NA
"MST2",33.6,14.4,16.5,45.5,27.3,75.1,11,NA,NA,NA,92.1,62,NA,NA,NA,NA,NA,NA,NA,24.3,8.3,7.8,51,54.3,58.5,6.6,NA,NA,NA,NA,NA,NA,NA,NA,NA,NA,90.4,NA,1,2.8,43.9,57.8,62.8,NA,NA,16.3,35.2,53.7,55.5,41,88.3,80.7,58.3,79.8,87.3,88.7,92.8,88.1,62.8,75.5,35.8,99.9,2,93.3,40.5,70,48.1,37.8,81.1,40.4,80.2,58.3,70.8,57.1,10.3,78.7,49.4,62.6,71.9,23.8,82.1,20.6,99.5,38.2,70.1,92.4,98.4,98.1,76.3,81.7,77.7,79,1.5,1.9,54.2,NA,NA,NA,NA,96.9,17.1,63.1,79.8
"MST3",15.2,15.1,16.5,22.6,57.1,36.7,0.4,38.5,72.6,73.2,24.8,95.9,96.7,1.8,0.2,95.3,99.8,91.6,38.1,54.6,77.5,71.4,43.5,94.6,95.9,12,38.8,83,34.9,69.6,40.8,27.6,26.3,53,45.9,44.6,NA,35.4,1.2,2,13.3,30,8.6,47,95.4,0,35.7,36.7,NA,NA,NA,NA,NA,88.2,96.3,47.5,91.1,88,67.6,76.5,35.1,97.9,50.6,67.6,53.5,59.9,12.4,4.5,17,3.4,20.7,9.5,54.4,21.3,8.6,8.5,15.3,35.8,67.8,19.3,37.6,11.6,35.1,23.7,31.7,16.1,82.8,82.1,81.2,32.5,53.9,50.6,1.7,45.5,10.6,NA,NA,NA,NA,96.9,17.1,63.1,79.8
"MST4",14.8,9.1,23.9,44.4,9.5,94.5,4,NA,NA,NA,60.7,57.6,41.9,6.2,25.2,13.1,39.3,79.2,9.4,56.8,25.5,42.2,47.5,70.2,90,6.6,30.6,45.6,37.4,54.3,33.7,19,NA,NA,42.3,7.4,92.7,11.8,0.3,1.5,4.1,67.8,39.6,NA,NA,0.2,5.9,21,77.9,68.7,61.7,70.9,2.9,82.8,93.7,77.9,92.5,96.4,95.9,96.7,16.2,73.6,3,99.3,98.5,78.7,74.5,89.1,92.1,41.4,91.1,94.5,67.4,74.5,77.3,96.3,59.1,24.2,92.6,1.4,5,23,70.8,11.5,89.3,3.4,99.1,98.9,81.2,91.4,78.2,92,4.7,1.7,70.4,69.5,54.2,62.8,51.4,96.9,17.1,63.1,79.8
"NEK1",8.6,78.9,28.1,8.6,86.8,46.9,99.3,99.9,99.9,76.9,91.5,88.4,19.5,0.3,6.6,12.3,3.3,43,90.9,5.2,85.2,79.8,41.9,50.1,1.6,48.7,93.7,69.1,84.1,88.5,44,92.3,54.4,13.5,0.1,4.3,99.8,90.8,53.1,92.8,0.6,99.5,99.9,52.7,88.9,14.4,66.4,4.2,44.7,73.6,30.8,6.1,0.4,9.2,1.4,19.4,30.4,64.9,11,53.2,89.8,98.1,32.9,0,90.1,0.1,1.9,24.6,66.6,98.9,57.6,77.5,70.3,46.2,7.9,51.6,98,81.5,98.7,99.1,89.1,72.2,98.6,93.5,44.2,99.3,100,87,85.8,97.9,95,80.2,23.4,98.2,51.8,55.2,81.9,39.7,23.5,3.4,93.2,21.4,29.1
"NEK11",23.3,91.5,27.8,14.7,15.7,30.4,31.5,NA,NA,NA,14.7,41.6,NA,NA,NA,NA,NA,NA,34.4,16.9,15.3,7.4,5.8,18.1,45.6,100,66,73.5,78.2,83,32.2,21.1,NA,NA,NA,10,96.7,NA,29.2,85.5,47.7,45.3,0,NA,NA,100,100,48.5,NA,NA,NA,NA,NA,3.5,28.2,6.6,19.5,NA,NA,NA,1.5,NA,77,NA,NA,96.7,18.3,4.7,3.2,10.6,2.2,9.9,47.6,13.8,5.8,21.4,17.2,39.1,8.2,58.4,3.6,15.2,54.1,79.7,14.4,43.1,70.1,96.8,88.9,95.6,93.3,94,96.7,27.3,84.1,NA,NA,NA,NA,96.9,17.1,63.1,79.8
"NEK2",1.7,90.7,0,20.9,91.5,100,94,93.5,59.8,40.7,21.7,96.4,77.5,60.7,19,94.7,14.5,6,100,76.9,54.4,56.1,0,75.9,81,7.1,99.7,98.2,99.3,100,77.9,98.8,99.1,16.8,0.3,0.5,0,4.7,0.1,0,10.2,39,0.3,27.6,29.7,100,14.9,29.6,81,84.8,63.8,2.5,1.4,78.6,76.3,49.8,69.7,31.1,19.2,19.2,0,0,85.2,87.2,0.9,100,0.1,13.2,0.1,0,0,0.2,0,23,0,1,28.6,77.3,66.7,48.2,100,88.6,20.7,66.8,0.1,14.1,100,100,100,100,100,100,74.3,100,99.9,0,0,1.2,0,95.9,81.9,84,62.9
"NEK3",21.7,69.6,12.6,17.5,6.1,66.9,36.6,38.1,42.9,14.7,41,96.9,41.3,30.4,61.4,37.6,13.3,33.7,38.2,20.3,15.9,13.5,6.1,73.5,6.6,80.9,95.2,99.9,99.5,100,32.2,21.1,1.5,25.6,NA,0.4,30.8,NA,69.6,50.3,46.9,57.4,32.2,NA,NA,99.7,99.7,44.9,NA,NA,NA,NA,NA,52.8,78.6,64.6,90.9,NA,NA,NA,22.7,61.3,49.8,NA,NA,26.1,68.7,58.7,10.7,20,3.1,75.6,13.7,17.4,92.9,77.1,19.7,80,32.1,81.9,79.5,73.4,37,51.8,42.6,16.1,69.3,43.9,88.3,98.2,95.2,37.6,97.3,99.4,1.7,41.6,42.4,43.6,22.9,NA,NA,NA,NA
"NEK4",42.2,34.6,15.4,4.2,64,89.8,NA,40.8,12.1,77.7,87.5,92.9,67.1,83.6,48.8,21.3,44.1,52.4,24.5,50,51.8,63.2,84.8,65.1,76.9,34.6,78.9,99.5,96.4,99.8,54.3,69.1,40,NA,37.2,0.3,34.9,68.7,14.5,50.8,26.2,0.8,7.6,84.6,83,36.8,25.9,7.9,NA,NA,NA,NA,NA,74.7,43.5,57.7,84.9,98.4,98.4,98.4,47.2,68.3,92.8,4.3,47.7,28.9,25.3,50.1,36.2,17.8,49.2,57,51.6,70.6,65,64.1,43.2,66.9,65.9,75.2,76.6,82.3,85.5,96.1,64.6,38.7,80.6,70.5,85.3,83.9,82.1,71.7,61.2,37,64.1,29.1,55.2,49.3,24.7,17.9,56.5,22.6,38.7
"NLK",0,0.1,0.3,0,71.1,76.3,48.9,99.2,90.6,83.7,74.1,96.4,13.4,3.4,51.1,3.6,0,5.7,90.7,9.6,7.4,88.4,2.9,3.2,0,5.8,99.4,95.7,99.5,98.5,100,98.9,23.5,0,0.3,0.5,83,24.9,66.6,99.4,22.6,0,43.4,0,0.2,83.6,55.3,99.9,36.6,82.6,75,7.5,11.1,47.4,86.8,71.1,95.6,25.4,5.3,24.7,49,73.2,83.9,90.7,14.9,89.4,59,72,45.8,2.5,22.3,85.8,51.7,33.1,35,55.9,60.8,78.3,14.2,55.9,88.4,51.3,47.9,83.6,62.1,60.4,5.7,0,0.9,0.3,2.1,0.6,1.5,97.8,15.4,10.8,18.2,14.7,0.5,0.5,5.2,14.3,1.8
"NRK",72.9,35.3,73.7,56.4,24.1,83.6,14.9,45.9,47.8,36,41.6,86.8,80.1,74.5,31.8,68.1,94.9,88.8,46.8,61.7,64.3,84.5,43,56,33.5,15.2,44.3,30.1,70.4,83.2,39.1,23.8,91.5,35.5,1.4,95.6,87.7,31.5,95,83.2,82.7,32.5,2.8,18.2,22.3,32.1,36.7,51.2,9.9,13.2,3.3,0.7,8.7,33.9,52.8,40.9,10.5,45.1,26.5,39.2,34.5,46,0,39.7,46.8,17.6,2.7,7.5,4.8,4.4,9.4,1.2,14.6,14.3,5.5,14.9,11,39,38.1,58.8,35,31.5,42.9,40,13.9,55.2,76.4,91.5,47,47.5,69.8,39.2,25.9,6.5,54.2,24.4,27.5,35.6,4.2,69.2,39.6,16.2,11.3
"p70S6K",98.7,100,99.9,87,0,0,92.6,0.2,0.1,0.1,0,1.8,99.9,98.1,0.9,99.5,96.9,0.2,67.4,97.2,82.2,73.3,83.1,21.3,39.4,95.7,40,96.4,95,99.1,31,85.5,67.5,80.1,93.7,87.1,99.6,75.2,78.8,85.6,20.5,54.8,83.2,33.6,82.4,6.7,64.9,43.8,99.7,100,98.5,99.8,0,99,98.6,99,92.6,56.2,58.2,55.6,0,11.4,11.5,42.8,5.9,2.2,94.8,52.6,14.8,96.5,22.7,83.1,84,2.4,33.8,50.7,6.8,15.7,12.8,78.8,3.2,5.2,49.3,7.1,6.9,23.5,0.6,1.7,9.5,0,3,2.5,4.6,23.8,8.2,6.8,2,1.3,0.2,17.4,85.2,76.5,33.8
"p70S6Kb",99.4,99.8,100,90.1,0.4,0.1,50.5,84.7,11.6,66.5,2.9,58.1,85.6,90.6,4.1,97.5,93.3,4.8,93.9,96,33,21.5,77.1,19.8,15.5,88.4,56.7,58.3,91.4,98,57.1,44.8,14.3,74.3,95.7,84,98.4,59.9,83,84.5,27.2,94.1,74.2,68.1,87.8,14.3,15.2,11.1,99.1,100,97.1,98.8,0,91.2,45.2,98.7,90.5,64.9,58.7,61,4,5.8,7.5,24.7,0.7,2.2,96.7,70.3,12.2,90.9,40.1,62,53.5,14,26.4,49.5,56.7,39,42.9,85.7,14.1,45.2,89.2,8.9,5.4,13.6,3.2,19.6,27.8,0.5,32.6,28,3.5,30.9,29,3.7,2.3,1,0.4,16.6,85.5,68.2,39.6
"PAK1",100,100,100,99.7,0.4,6.4,91.9,61.5,30,86.6,30.9,0,100,10.9,0,96.1,99.6,16.7,66.7,0,0,0,0,94.3,100,100,97.4,100,99.2,100,99.6,99,100,93.6,31,92.7,97.3,85.9,83.9,100,89.7,88.3,100,99.1,89.8,3.6,98.1,91.1,100,100,94.2,100,0,100,92.3,100,2.6,100,100,100,0,99.9,3.2,89.4,99.9,66.7,1.1,6,0.8,100,42.5,9.4,95.9,32.8,7.7,17.1,0.3,5.8,0.7,51,2.3,9.7,90.4,8.9,9.3,45.8,28.1,3.8,0.1,11.3,0.1,0,26.2,2.1,16.5,0.2,0,0,0,99.9,12.4,57.5,8.1
"PAK2",93.5,99.4,99.3,88.8,2.1,3,76.1,19.6,58.6,83.3,61.3,5,63.5,73.7,39.6,42.4,75.3,70.9,78.3,6.3,4.2,10.5,30.5,81.4,90.6,93.8,7.4,49.7,63.7,61.1,79.5,50,96.1,87.5,72.6,89.2,98.7,58.1,69.8,17.4,56.1,57.7,76.1,55,45.7,87.6,13.5,65.6,99.1,99.9,95.9,100,0.5,99.6,61,98.6,39.1,98.8,98.7,98.4,5.3,73.5,20.2,66.5,29,50.6,61.8,54.8,52.1,70.4,73.3,37.2,94.2,69.4,70.6,70.3,67.2,50.3,23.7,49.3,35.4,7.9,39.2,22.1,17.2,19.9,88.8,92.3,43.3,85.2,70,17.3,71.9,9.4,15.8,72.9,44.8,20.9,30.9,67,10.2,17.7,33.7
"PAK3",97.2,99.4,89.4,74.8,7.4,7.8,82.2,22.3,12.1,58,52.3,0,92.9,83.9,17.4,68,96.3,82.2,26.6,10.4,11.9,18.7,37.1,82.1,95.4,96.4,20.3,98,62.9,35.2,20.8,63.3,98.4,93.9,51.8,97.1,94.8,15.8,46.5,55.2,61,58.8,99,79,22.7,27.5,89.8,99.1,77.1,89.2,73.5,96.4,23.6,98.5,36.1,95.5,12.5,100,100,100,0.4,28.5,29.3,63.7,76.4,61.3,56.9,42.1,16,81.7,67.2,71.1,59.4,18.2,43.5,10.2,11.5,8.6,93.9,82.3,26.9,21.7,90.3,21.6,86,67.3,4.7,7.9,5.6,12.7,9.9,1.1,78.7,17.7,8,26.5,22.4,14.1,8.8,75.6,17.2,24.2,41.6
"PAK4",46.6,58.2,46.4,17,14.1,38.4,0,4.8,30.3,95.2,43.8,36.8,43.7,26.6,61.5,23.5,23.8,48.8,6.2,30.2,32.6,25.7,48.8,73.8,66.7,85.9,25.4,94.4,55.8,47.2,51.7,10.3,47.6,28,8.7,97.2,64.7,9.9,27.8,24.6,68.6,15,51.8,36.7,19.4,95.4,60.7,89.8,89.2,96.1,25.1,91.7,0,68.2,30.5,46.2,23.7,59.6,66.1,73.6,0,7.8,21.9,100,77.5,43.1,35.6,65.9,21.9,49.8,27.5,18.1,62.4,27.2,30.1,24.4,11.2,28.1,25.7,68.7,43.8,29.9,41.7,27.1,65.8,89.9,48.2,59.3,52.2,47.5,54.4,62.4,63.7,40.4,50.9,22.9,23.4,18.4,27.6,5,9.5,22.1,68.1
"PAK5",81.1,91.9,77.1,50.4,14.6,5.6,93.3,60.7,70.3,79.2,21,0.8,88.4,90.5,26.3,55.4,68.5,44,14,12.8,10.3,10,46.3,94.2,96.8,79.4,6.3,99.7,69.6,40.1,23.1,70.4,97.2,94.4,60.5,97.9,99.4,4.6,13.4,9.5,82,71.3,77.2,81.3,14.9,92.8,21.9,81.8,84.8,89.6,23.5,87.2,65.3,95.2,22.4,81.6,3.9,100,100,100,4.3,71.9,54.3,53.7,58.3,27.1,25.7,27.5,6.6,74.1,34.5,20.8,49.9,14.9,26.7,8.7,15.8,17.1,63.9,59.6,35,37.2,69.4,23,58.6,53,42.2,29.5,25.3,54.4,34.3,7.4,68.3,15.2,21.3,34.4,18.6,14.8,12.5,80.3,21.5,38,55.8
"PAK6",78,89.9,71.4,51.2,11.5,6.9,65.7,65,76.4,87.2,48,44.6,82.1,89.2,40.3,57.2,74,46.1,17.4,10.8,2.9,4.3,0.8,88.3,95.8,79.4,4.1,98.1,67,36.2,25.4,62.9,97.5,92.4,59.4,98.5,84.7,4.2,22.3,23.4,78,45.9,73.1,78.9,16.4,96.4,12.5,86.9,86.3,91.4,31.6,91.1,49.9,93.8,20.2,77.5,3.3,100,100,100,28.3,82.6,47.6,59.5,61.7,37.9,24.6,24.8,6.8,64.5,32.4,20.7,38.9,15.8,18.5,7.8,18,23.5,70,59.8,47.6,34.4,67.9,27.4,56.8,48.5,32.2,39,9,46.1,10.9,7.3,84.6,5.8,32.9,36.4,20.7,15.1,10.5,78.1,14.7,29.5,50.1
"PDGFRalpha",1.9,2.4,9.2,10.9,0,0,NA,NA,NA,NA,0.7,0.4,NA,NA,NA,NA,NA,NA,NA,87,99.5,13,14.2,11.4,1.9,NA,NA,NA,65.7,53.6,NA,NA,NA,NA,NA,NA,NA,NA,77.8,84.3,97.1,NA,66.9,0.9,4.7,8.5,63.4,68.2,6.9,1.6,15.8,18.8,1.3,91.2,72.3,99.8,66.1,97,89.3,57.6,97.4,63.7,NA,86.7,11.5,68.2,NA,NA,NA,NA,NA,NA,NA,NA,NA,NA,NA,NA,NA,NA,NA,NA,NA,NA,NA,NA,96.3,87.4,88.8,27.1,46.1,17.4,1,6.2,0.8,NA,NA,NA,NA,NA,NA,NA,NA
"PDGFRbeta",1.6,2.3,29.1,70.5,0,0,46.4,77.3,79,28.4,0,6.6,100,95.5,4.2,94.9,100,100,NA,87,90.5,NA,88,NA,NA,99.3,27.2,58.2,NA,NA,NA,NA,NA,NA,62.5,NA,99.8,NA,46.4,23.7,35.7,34.9,80.3,0,0,98.9,83.7,96.6,29.3,28.4,47.9,38.9,5.8,91.5,26.9,99.2,51.9,68.3,23,38.1,97.8,76.3,NA,NA,NA,NA,NA,NA,NA,NA,NA,NA,NA,NA,NA,NA,NA,NA,NA,NA,NA,NA,NA,NA,NA,NA,73.8,47.5,44.4,29,37.6,9.9,5.9,37.1,0.7,56.9,69.8,70.7,16.4,65.6,10.2,46.8,16.1
"PDHK1",78.4,87.9,94.4,88.9,9.4,24.2,47.8,59.2,54,57.2,6.8,50.4,39.2,64.2,41.8,36.2,92.2,67.6,57.6,89.5,81.9,98.6,80.5,97.5,51.8,63.8,46.6,77.6,54.2,73.4,79.7,64,61.1,41.7,51.7,45,30,43.4,7.8,0.8,23.1,21.1,66,19.6,63.5,0.5,67.5,92.7,95.4,98.3,92.2,93,0,69.2,44.8,83.1,12.2,8.9,21.2,27.7,3.2,48.3,7.8,41.6,95.8,30.1,0.3,0.7,0,0,0.3,0,2.6,0.8,1.1,1,0.4,3.3,89,92.2,24.8,8.5,97.6,89,95.6,97.9,85.4,51,38.8,54.4,64.3,29.5,43.9,86.7,29.7,22.7,0.4,0.1,1.2,18.6,7.9,27.1,2.5
"PDHK2",99.4,98.2,97.9,89.3,38,42.4,32.3,99.6,84.6,67.8,41,84.2,70.9,44.4,22.8,85.6,93.5,46.3,42.1,84,63.8,94.5,34.3,98.3,31.3,85.6,35.5,95.8,90.1,96.1,81.7,38.4,42.3,68.6,10.6,60.6,37.4,62.3,10.1,22.1,66.4,64.2,57.4,15.4,35.4,1.6,32.8,81.4,87.1,87.5,45.8,85.3,1.4,27.8,66.9,8.6,45.1,8.6,37.9,49.7,18.5,77.5,42.6,100,100,73.1,1.6,4.2,0.5,1,4.7,0,0.9,3.3,0.7,4.4,4.9,14.1,52.5,34.8,11.6,8,73,27.7,44.2,43,57.6,38.1,25.5,12.7,64,8.6,65.1,95.7,17.1,50.2,37.8,37.3,35.6,40.5,30.6,47.1,12.1
"PDHK3",8.5,28.2,53.1,91.4,18.3,28.8,74.8,2.4,8.4,65.3,51.2,94.3,79.1,70.1,38.3,92.6,99,77.9,15.5,6.5,5.8,38.6,49.4,4.1,16.8,91.2,40.6,83.4,50,89.6,NA,NA,80.7,38.8,51.8,29.6,71.1,94.4,73.6,90.7,6.3,69.2,76.4,18.5,94.9,61.9,55,70.9,32.5,78,73.2,77.1,76.2,92.7,85.8,62.9,52.5,51.7,16.8,34.1,98.9,99.5,76.7,0.7,45.6,59.4,95,97.5,2.7,99.7,95.5,10.7,0.3,0.2,2.3,4.7,66.8,2,15,8,5.7,99.7,25.3,1.4,20.9,0,77.9,74.4,45.9,50.7,69.2,59.2,32.7,26.8,87,13,11.4,8.2,12.5,89.8,57.8,33.8,27.8
"PDHK4",67.7,56.9,7.1,0.8,94.1,74.9,37.9,34,19.3,35.3,42.8,23.8,76.8,65.7,35.6,84.3,99.5,81.3,98.8,0.6,27.1,4.1,46.6,93.3,7.2,18.4,95.4,76.5,57.9,66.8,71.2,28.6,20.2,9.5,49.7,19,71.1,94.4,67.9,7.9,93,45.8,1.9,5.1,17.3,65.4,71.7,63.8,86.3,87.5,42.4,65.6,0.3,5.2,53.9,1.2,51.2,23.9,31,27.7,9.4,49.2,35.6,18.4,91.2,14.5,2.9,43.5,2.7,1.6,7.7,5.2,14.9,4,9.8,5.1,3,5.7,76.8,13.1,15.2,19.7,68.5,74.8,65.4,18,81.4,77.8,64.3,61.2,80.5,78.4,46.9,84.1,57.5,4.3,4.3,2.8,2.4,78.8,54.3,21.5,53.3
"Pim1",100,99.7,86.3,40.2,13.9,46.8,98.3,7.1,4.8,8.2,2.6,2.6,97.9,90.4,6.3,97.4,30.6,0,60.2,18,62.4,30.9,26,82.9,81.8,96.3,45.3,79.7,32.3,66.4,50.9,50.6,34.2,41.9,37.1,64.5,95.6,14.6,10.3,28.9,97,98.5,69.2,88.3,41.9,51.1,88.7,70.7,92.8,96.3,71.8,96.5,0.2,98.7,68,97.4,37.1,58.8,33.4,12.8,0.7,31,33.2,32.2,64.9,55.5,28.5,33,42,63.4,48.2,42.3,80.9,23.2,59.6,43.4,5.9,14.8,26.2,54.2,14.2,13.8,71.7,48.1,50.3,47.1,22.4,24.1,35,36.9,47.7,19,51,62.4,18.7,38.8,28.2,41.8,37.3,74.8,67.7,68.1,28.2
"Pim2",52.4,72.7,64.9,9.2,55.2,55.7,28.1,46.1,16.8,29.1,0.9,1.7,96.1,93.1,4.6,97.9,99.7,4.8,34.8,36.2,40.1,30.9,36.9,65.3,44.8,94.4,52.9,54.3,50.9,51.8,100,99.8,10.2,20.8,5.4,67.8,99.8,NA,9.4,17.6,95.3,97.4,19.9,55.7,59.3,22.2,46.7,57.5,95.3,99.2,75.3,93.8,0.5,95.2,68.7,96.7,67.9,71.5,86.2,87.3,9.7,36,15.8,87.4,86.6,60.3,27.3,29.1,42.6,79.1,51.6,43.4,75.4,21.3,65.6,64.3,11,17.9,37.5,58.2,13.8,12.6,66.2,28.8,52.4,85,71.4,15.7,76.5,79.6,82.1,63,65.3,90.2,26,31.5,25.7,42.1,32.7,85.2,97.2,96.8,80.8
"Pim3",100,99.5,61.5,0.2,9,9,74.9,50.7,25.3,30.4,1.3,0.1,92.5,91.1,16.5,82.6,92.4,52.5,21.9,35.9,44.8,26.6,41.4,71.7,49.7,72.4,27.7,100,99.7,99.7,45.7,100,31.6,96.3,90.2,62.9,49.8,86.9,8.3,54.4,95.9,98.8,71.6,31.2,41.9,32.5,20.3,47.7,95.7,97.6,41,88.5,0,91.1,50.8,98.5,23.2,75.7,50.5,61.6,6.3,45.7,70.1,73.4,89.4,72.1,49.3,41.1,33,72.8,52.3,48.8,75.4,24.3,63.7,62.8,9.3,13.2,14.9,20.9,10.5,10.5,58.5,18.3,38,63.4,37.6,6.5,50.9,52.3,28.7,45.7,55.1,72,23.2,63.5,61.4,65,66.4,91.3,88.2,90.1,73
"PKAalpha",100,100,85.6,80.2,1.5,4.2,96.6,8.2,53.1,73.7,1.6,0,100,90.9,0,95.1,95.7,10,0,0,0,0,0,55.2,100,100,52.9,99.6,82.8,96.6,60.5,94.7,99.1,99,79.5,56.3,96.9,66.2,100,93.5,91.7,95.2,100,96,89,100,74.5,45.2,99.8,100,94.6,100,25.7,99.9,36.6,99.9,59.1,100,100,100,1.2,98.7,79.2,99.9,99.2,86.8,25.9,70.4,22.5,99.6,85.3,24.9,92.9,76.1,55.6,4.5,48.9,7.7,0,29.7,0.5,10.2,3.5,0.4,0,2.6,52.3,14.8,0,77.3,8.7,0,95.1,22.1,34.7,79.4,71,52.8,64.5,99.9,44,42.9,21.4
"PKAbeta",99.5,95.5,16.8,16.6,8,34.5,66.6,54.3,77.6,88.5,8.7,12.3,99.7,90.1,1.4,59.3,35.3,23.2,0,0,0,0.8,3.4,72.6,94.4,99.8,31.4,77.2,61.7,81.6,60.7,35.3,99.9,81.5,59.5,60,37.2,0,89,73.3,51.8,94.6,95.8,90,32,16.7,79.4,55.5,99.9,99.9,94.3,100,3.6,81.2,65,85.1,44.1,100,100,100,23.7,94.9,62,99.7,97.4,28.2,26.8,51.2,76.2,87.9,60.5,49.5,80.5,53.2,85.1,76.1,29.5,4.9,7.1,53.4,3.3,10.5,84.1,25.1,61.1,33.7,84.9,91.2,54.4,98.8,92.1,52.5,99.1,71.8,58.2,40.5,20.9,24.5,54.6,94.6,60.7,65.9,21.5
"PKAgamma",98.2,88,4.9,6.5,31.6,59.8,77.8,77.9,96.3,93.8,7.5,40.4,99.2,88.7,0.7,52.5,8.3,8.9,0.7,0,0.4,2,7.5,53.3,74.9,99.3,31.1,78.6,51,77.7,61.7,42.6,99.2,67.3,55.5,80.9,32.8,17.6,99.9,79.4,88.9,95.4,99.1,66.7,18.7,16,67.7,61.1,99.7,99.8,88.1,99.6,3.8,99,89.7,98.1,69.1,100,100,100,28.1,97.1,59.4,98.6,88,23.6,23.4,32.8,67.6,79.2,50.1,35.3,81.4,52.3,78.4,63.5,31.5,7.4,15.8,57.1,7.9,19.5,84.7,31.2,65.1,32.2,81.2,83.7,46.5,97.1,90.4,38.4,98.6,70,48.9,52.1,24.5,25.3,55.4,91.8,74.6,74.3,22.3
"PKBalpha",53.4,89.5,48.2,18.5,2.7,23.5,100,2.3,3.7,5.8,0,0,98,65.8,1.4,97.7,100,63.1,68,24.4,37.4,58.4,53,59.7,31.1,100,39.2,100,98.1,99.9,71.1,89,40,62.9,71.9,68.7,73.5,5.6,73.2,55.6,76.7,63.5,98,53,74.1,28.6,99.3,99.6,98.2,99.6,76.9,97.8,0,98.9,99.5,99.8,94.5,75.9,52.6,58.8,0,7.5,7,23.1,100,0.5,0.1,0.1,45.1,97.4,39.7,91.9,93.6,0.7,10.3,80.9,0.9,5.4,5.4,73.8,0,0.4,51.8,41.7,72.1,67,51.4,14.5,44.7,64.1,16.8,65.9,61.1,52.5,68.8,24.3,11.4,6.7,8.2,64.5,68.7,82.3,45.1
"PKBbeta",43.8,97.8,77.5,57.9,0.2,14.8,99.8,0.4,4.1,13.5,0,0,96.1,68.8,2,98.3,100,34.7,35.7,20.7,35.2,47,60.7,71.9,57.6,100,47.9,100,95.4,99.9,90.5,92.3,72,68.5,68.8,63.6,64.1,8.7,72.1,67,67.7,77.1,85.6,47.4,45.5,10.9,96.8,99.6,96.2,98.9,67.3,91.1,0,99.7,99.9,99.6,91.2,89.4,89.2,93.3,0,0,16.1,28.5,100,5.1,0,0,9,35.2,15.7,75.8,55.9,0,2.3,51.8,0.1,0.8,64.7,66.3,0,0.1,66,37.7,91.7,60.2,50.4,54.7,65,62,61.7,88.5,61,77,70.7,15.9,8.4,6.1,3.8,58.6,77.1,93.7,51.4
"PKBgamma",97.9,99.2,98.2,95.4,1.7,8,99.1,1.1,4.7,8.7,0,0,98.9,90.5,0.8,97.6,100,74.6,45.9,51.1,47.2,63.4,88.5,85.7,84.8,100,46.8,99.7,92.2,99.2,92.5,90.6,97.7,60.9,54.3,62.2,87.7,29.9,51.3,80.7,53,93.2,86.1,96.9,95.7,27.2,88.4,99.5,99.4,100,89.4,97.7,0.1,99.5,99.9,99.9,97.3,91.6,96.5,99.3,0,4.8,12.5,32.4,100,0,0,0,0.9,14.6,24.2,68.6,64.3,0,1.3,41.1,0,0,79,73.2,0,0,83.6,38.2,97.6,55.3,69.3,10.7,69.2,61.5,27.7,36.1,39.7,87.8,10.9,13.1,2.6,1.2,1.8,93.3,94.5,99.3,66.1
"PKCalpha",100,100,49.9,87.9,58.6,40.2,98.5,98.8,76.9,60.1,100,98.7,92.6,0,0.5,32.7,20.7,3.7,0.2,100,99.8,99.8,97.8,93,99.9,2.1,99.8,100,97.1,100,94,99.3,100,99.4,40.1,1.7,0.5,25.2,23.8,0.2,0.5,4.2,87.5,100,100,0.1,54.7,18.8,99.6,100,78.2,89.2,3.8,18.4,53.1,4,2,69.6,77,73.1,14.9,79.4,0.5,4.9,65.7,80.4,49.3,22.4,4.5,81.2,60.5,12.8,76.7,9.7,32.3,25.6,23,98.4,59.5,10.7,53,73.7,16.1,2,0.1,0,100,100,100,100,99.5,100,6,6.5,0.3,0,0,0,0,100,92.3,90.3,0.8
"PKCbeta",100,97.9,33,98.4,65.5,70.7,99.5,100,92.6,55.7,100,100,55.4,0,8,3.1,31.2,37.2,7.6,100,97.8,90.6,79.1,82.8,100,0.7,99.8,100,88,100,90.5,100,100,100,43.5,0,1.4,66.5,15.4,0.4,10.3,17.5,97.9,100,100,10.4,50.5,22.1,100,100,95.5,99.9,4.6,33.8,28.1,2.5,0.1,91,98,98.5,3.5,44.6,0,71.1,32.5,97.8,62,24.8,4.7,91.2,65.3,6.9,24.3,23.5,22.2,19.2,71.2,73.3,40.3,9.8,88.5,96.4,5.1,0.7,0,0,100,100,100,100,100,100,23.8,19.7,67.1,0,0,0,0,100,51.8,85.3,0.2
"PKCdelta",100,99.8,83.9,67.5,31.2,18.9,38.4,83.6,55.4,57.5,100,62.9,96.7,8.2,1.2,73.3,79.5,32.8,2,85.8,92.2,97.8,98.9,58.7,95.9,11.6,87.6,99.3,88.5,96.9,89.9,87.4,100,88.7,12.2,3.3,12.6,23.7,98.6,69.3,0,9.2,97.4,54.2,98.2,24,95.3,86.1,98.4,100,56.3,20.5,1.8,83.3,80.3,54.5,83.3,61.6,26.9,47.7,0,28.4,0.3,0.2,94.7,72.6,12.4,2.6,0,5.1,1.8,6,64,0,20,9.1,8.9,58.9,93.9,95.3,52.2,80.5,39.5,2,60.6,0,95.8,59.2,98.9,63.4,42.8,47.6,3.7,70.9,0,0.4,0,0,0,97.9,56.1,48.5,6.9
"PKCepsilon",100,99.8,87.6,53.4,20.1,7,4.6,22.6,58.2,38.8,99.9,82,32.5,0.5,19.2,12.9,69.7,84.2,1.6,99.4,91.3,99.7,99.9,87.4,99,11.6,24.2,69.4,32.5,46,64.6,90.1,95.5,98.3,89.5,95.8,93.9,67.4,92.7,4.1,3.4,6.7,86.9,94.1,77.1,1.3,93.3,94.9,97.7,99.1,55.4,16.8,15.1,13.6,54.2,12.1,47.4,50.1,54.3,37.4,84.5,100,11.7,25.6,56.5,62,55.3,50.7,16.9,70.9,45.8,6.1,77.9,1.2,53.3,30,22.9,50.5,81.2,38.5,41.2,84.7,26.9,1.1,49.4,0,99.9,99.7,99.9,99.8,96.4,99.6,8.4,30.9,14.1,10.6,3,0.2,7.7,96.5,18.4,21.1,15.5
"PKCeta",100,99.2,99.2,1.6,68.9,47.1,18.8,72,70.3,67.1,98.3,45.1,16.8,0.9,68,4.7,5.6,23.9,0.7,68.2,91.4,93.8,98.6,81.9,96.9,3.8,63.4,80.9,48.2,59.5,76.8,17.2,96.3,79.8,74.9,6.7,0,4.8,39,1.6,3.5,14.6,96.6,85.4,90.2,2.3,82.3,62.9,97.8,100,67.9,87.4,74.1,4.1,26.3,3.4,36.4,24.1,33.5,29.3,14.9,97.6,20.5,28.5,57.3,16.4,9,42,0,0.3,0,2.4,90.6,0,15.1,1,5.6,87.4,49.6,54.7,21.4,37.9,62.2,2.9,9.4,0.1,88.5,71.8,81.9,72.5,29,58,18.7,19.4,13.1,15.7,10.1,4,23.5,98.1,78,78.1,88.8
"PKCgamma",98.8,61.4,0.1,0,43.7,28.5,85.8,67.6,29.9,59.4,100,95.2,69.1,1.9,22.3,30,48.5,25.3,0.6,47.3,92.7,97.9,85.2,93.7,95.7,0.6,80.8,85.4,72.7,85.9,92.3,50,93.8,88.6,13.2,72.3,22.6,4.4,91.1,53.3,0,1.3,73.4,91.4,90.5,0.1,80.3,69.1,95.8,99.8,68.3,19.9,5.1,16.2,52.7,2.2,35.9,58,70.3,64.1,20.8,99.7,14.8,11.9,93.2,47.6,64.4,73.8,2.7,16.7,11.5,47.4,92.6,1.5,57.3,19.1,4.2,95.5,51.8,33.8,14.2,8.2,50.7,0.4,21.5,0,98.7,81.7,95.9,89.6,84.2,53.8,15.5,80.7,1.1,3.8,4.4,3.4,9.5,98.3,25.8,21.1,12
"PKCiota",93,90.3,99.8,100,82.5,32.2,55,86.7,66.3,58.5,96.7,89.7,15.1,11.2,63.1,9.9,48.3,58.7,18.8,97.2,95.1,96.8,87.8,27.1,69.1,27.6,64.4,79.5,66.8,81.7,73,64.8,99.2,51.8,66.4,21.3,80.5,54.8,97.2,31.9,27.7,64.8,58.8,99.5,91.1,65,51.1,87,83.8,95.6,53.5,11.8,13.6,68.8,42.8,5.2,16.8,58.9,82.9,66.5,16.1,68.1,6.9,40.3,57.8,9.9,75.6,85.3,58.9,77.2,49.6,42.3,89.6,48.7,63.9,88.5,13.4,58.7,66.9,68.7,95.5,59,94.2,60.6,67.4,21.3,77.7,80.8,88.6,76.3,87.5,91.5,33.9,90.7,52.6,7.8,0.2,0,0.4,90,44.3,65.9,3.8
"PKCtheta",99.5,97,74.9,0.6,98,92.9,20.4,91.2,73.8,93.4,99.3,72.9,50.8,1.4,19.3,39.6,14.1,13.6,1,80.5,98,96.4,96.2,83.4,98.5,9.8,46.5,65.5,38.1,44.7,69.5,32.7,81.4,87.6,53.6,7,3.7,8.1,73.5,18.5,1.4,26.9,93.1,71.1,81.5,1,48.7,80.8,96.8,99.9,70.4,85.4,26.3,37.1,44.4,24.6,74.6,44.8,32.4,32.9,19.8,93.9,21.2,37.9,34.2,38.3,3.4,25,0,0.3,0.7,4.6,57.4,0.4,2.5,0.9,12.4,81.7,81.9,94.3,89.9,98.9,73.1,35,34.9,13.1,61.2,43.4,97.8,30.3,42.5,83.7,26.2,74.4,24,38.8,15.6,12.2,22.9,90.5,73.4,59,62.3
"PKCzeta",100,100,99.3,100,79.9,48.7,98.5,100,87.6,62.3,100,100,83.5,0.4,4.1,55,44,12,5.4,100,100,100,98.4,75,99.9,42.6,95,99.4,88.8,99.8,97.5,98.8,100,98.8,15.7,0.1,1.9,10.4,41.3,6,0,5.4,97.1,100,99.8,0.8,70.5,90.3,100,100,90.7,85.5,1.1,28.8,99.3,2.2,93.3,10.7,20.5,41.8,0,1.1,4.1,98.7,83.2,96,45,19.5,1.5,37.3,6,2.6,75.8,0.7,35.7,37.1,32.6,86.8,38,17.4,65.3,57.8,12.9,1.9,2.8,0,100,99.9,100,92.8,97.4,99.9,0.4,57.9,10.3,0,0,0,0,99.9,39.3,51.3,0.2
"PKD1",87.3,95.9,94.8,98.9,73.7,18.6,12.5,95.3,65,67.4,91.2,95.4,96.8,2.5,0,91.4,100,99.7,73.2,7.3,59.9,62,72.5,3.6,3.3,77.6,97.3,34.5,45.2,70.3,74.7,77.6,57.5,9.7,19.7,64.7,98.8,86,39,96,2.6,18.7,100,16.4,97.2,96,59.9,97.5,0.4,80.1,3.1,31.3,0.7,100,46.2,95.8,2.1,17.4,4.1,10.6,11.6,61.3,38.3,84.7,75,71.3,99.6,100,99.6,100,99.9,99.8,100,100,54.1,86.9,98.5,90.6,88.2,62,87.9,84.7,26,87.7,47.7,14.6,15.6,8.5,83.2,5.3,0.8,31.7,9.2,0.3,3.3,31.4,48.4,39.6,59.1,99,56.6,88.2,75.4
"PKD2",99.9,98,1.3,0.3,97.9,19.1,52.7,83.4,71.7,51.1,74,92.1,58.3,88.5,79,2.4,1.2,14.9,31.3,17.9,13.9,86,71.6,31.3,27.1,3.4,NA,NA,NA,NA,NA,NA,63.9,97.9,90.2,67.1,30.9,65.3,61.5,31.1,71.4,5.2,88.8,NA,NA,47.6,30.8,43.3,19.3,74,7,73.3,37.3,29.9,3,3.1,12.8,40.1,10.1,39.9,55.7,44.6,62.6,19,16.7,8.5,70.4,95.9,80.4,98.6,97.6,88.3,94,95.1,85.5,98.3,98.1,16.2,97.4,20.9,98.3,45,87,99.9,16.9,26.9,68.8,43,97.2,91.1,73.9,53.4,90.5,93.2,1.4,98.3,45.1,38.3,97.4,100,3.3,0,0
"PKD3",87.5,59.4,86.5,25.5,68.9,68,99.8,14.7,50.5,24.6,33,54.6,NA,NA,NA,NA,NA,NA,21.4,25.3,61.7,35.4,92.1,0,13,NA,NA,NA,NA,NA,88.8,81.5,50.3,28.7,NA,67.1,11.6,65.3,13.8,31.9,59.4,5.3,83.2,83.5,39,NA,7.4,68.7,80.1,92,25.7,80,40.1,7.3,5.4,32.1,11.7,71.9,88.7,97.2,51.2,88.2,61,91.9,100,42.6,50.3,88.7,67.1,94.3,89.5,74.8,94.7,77,74.2,93.7,97.2,29.8,98.1,51.9,99,40.5,68.1,99.9,9.8,70.1,42,45.9,63.1,66.9,33.2,48.6,75.6,29,42.1,62.8,34.9,37.8,60.2,NA,NA,NA,NA
"PKG1cGKI",31.1,0.3,33,100,80.6,92.5,18.1,94.4,50.6,90.8,100,99.6,52.1,25,20.7,56.5,94.4,78.6,9.9,4.7,21.4,85.2,8,42.3,69.4,4.2,96,68.1,31,62.5,94.1,76.4,93.4,8.3,79.2,16.1,88.5,4.9,68.2,64,90.4,98.6,99.4,79.5,99.1,52.5,98.9,100,99.8,100,88.5,97,6.2,99.4,94.4,99.1,91.6,21.8,41.9,43.4,0.3,37.3,67.4,17.2,89,19.9,41.3,61.3,42.9,96.2,75.5,62.9,20.3,96.5,71.3,88.8,99.7,96.9,74,95.3,91.3,100,97.9,98.1,79.2,69.3,83.4,47.1,94.2,56.7,89.1,85.6,42.7,99.7,56.1,6.1,6.8,16.1,23.3,95.4,41.4,68.2,10.7
"PKG2cGKII",99.8,44.2,3.8,0.3,35,92.8,29.4,66,53,83.3,100,86.3,85.6,35.8,19.6,75.6,99.3,90.5,0,1.2,4.5,39.1,31.1,86,38.5,66.5,65.3,58.7,63,67.1,100,100,59.1,36.4,82.9,1.5,4.6,12.4,86.5,94.7,72.6,50.6,52.9,85,80,0.5,99.6,100,92.1,97.1,41.1,94.6,87.6,94,93.1,17.7,25.5,81.6,94.1,65.5,6.6,94.7,15.9,39.5,99.7,62.1,72.8,53.1,40.6,89.3,18.5,41.5,59.3,34.7,19.3,15.3,59.7,20.5,77.2,23.1,39.3,50.7,37.1,4.9,22.6,7.2,26,43,60.2,61.4,66.1,45.3,79.2,92.2,48.4,82.4,79.1,80.9,44.3,0,4.4,4.1,0.3
"PLK1",29,50,0.3,4.7,79.4,90.9,83.5,98.4,73,98.5,87.2,35.6,31.5,30.2,48.8,32.1,8.3,1.9,100,48.5,85.6,98.2,67.1,0,0,11.5,92.8,77.1,75.9,87.4,58.6,92.1,89.4,32.6,11.6,0,0,3.3,25.7,33.7,94.8,97.2,94.1,99,62,94.8,85.3,10.3,98.9,99.7,97.8,90.7,0.2,13.2,65.4,50.2,94.8,23.4,23.5,42.9,0,2.3,88.5,5.1,49.9,59.3,0,1.1,33.9,47.2,27.8,0.3,15.1,88,10.6,60.1,85.1,78.7,42.4,99.5,95.6,50.4,64.3,87.4,2.8,97.9,97.9,91.7,100,81.9,99.6,100,6.5,99.3,97.2,0,2.4,1.3,0.1,8.7,93.9,89.3,26.2
"PLK2",49.7,32.6,3.5,3.5,45.7,59.2,92.7,24,7.1,40.6,77.6,5.6,44,6.8,45,49.4,2.6,62.5,4.1,36.5,5.3,86.1,37.4,75.2,75.8,22.2,46.4,23,56.9,73.8,75.1,85.8,97.9,69.1,98.7,54.8,0.7,72.9,22.2,38.8,89,48.2,15.8,93.9,96.4,23.2,51.1,4.7,23.2,40.1,15.8,71.9,47,37.4,68.1,27.9,40.2,73.8,96.7,96.7,6.7,19.9,43.9,63,88.7,75,1.1,2.2,27.2,6.1,21.2,26,44.7,29.2,42.1,65.2,2.8,4,11.5,39.9,25.2,4.6,55.8,27.8,35.2,79.2,76.4,69.4,56.8,69.2,96.7,74.8,50.7,97.8,86.2,9,9,8.6,3.4,0.7,27,69.5,35
"PLK4",0,9,1.2,37.9,50.5,99.5,90.8,77.5,30.9,51.2,6.7,50.6,46.2,61.2,72.6,52.4,35,34.9,94.2,43.2,2,4.6,5,2.3,13.6,3.7,43.2,24.1,36,30.7,45.9,48.5,40.7,90.2,1.5,0,0,3.5,0,0,88.7,21.4,78,99.7,92.7,100,33.6,28.7,72.3,90.8,81.7,92.5,19.9,12.6,53.6,53.6,45.3,23.9,20.8,8.9,0.4,2.2,9.1,98.6,81.3,94.4,7,11.2,28.3,5.1,15.7,13,8.3,73.9,22,31.9,52.5,68.9,79.4,59.4,99.7,71.2,18.9,85.2,0,34.4,99.4,99.6,99.4,95.9,99.8,100,12.3,90.2,96.4,2.6,3.4,9.7,13.4,8.1,57.6,96.4,77.3
"RAF1",55.1,95,78.3,45.6,50.1,73.2,7.7,13.4,51.5,41.1,86.6,75.9,44.4,15.6,40.9,24.6,16.1,28.5,13.2,68.3,90.5,98.7,99.2,68.6,42.7,36.9,57.7,83.8,78.6,83,98.8,56.4,81.1,29.5,39.3,25,73.3,1.3,24.8,72.8,8.9,66.6,89.1,51.2,78.2,98.2,82,95.7,94.9,96.1,72,96.9,72.3,99.2,97.9,99.5,99.3,20.8,13.9,18.1,0,11.9,23.1,12.6,7,66.5,21.7,12.4,5.8,9.5,8.5,7.5,83.7,22.1,28.4,67.9,19.2,82.6,72.2,99.6,31.5,52.9,90.3,90,83.9,99.6,95.7,17.8,41.2,28.3,0.1,0.8,0,0,0.6,2.3,0.1,0.5,0.7,60.1,30.2,28.5,17.7
"ROCK1",34,21.3,18.4,93.8,64.1,84.3,83.4,98,38.3,97,16.2,36.3,88.1,18.8,7.1,83.1,80.4,19.2,67.9,19.9,16.6,68,48,4.9,19.7,7.6,99.2,89.4,93.1,97.8,100,100,85,5.4,72,0,0,0,61.3,72.9,16.3,0,83.5,55.6,98.9,37.3,60.5,76.9,100,100,99,100,29.9,100,98.9,78,94.9,10.2,9.1,29.4,12.5,50.6,83.9,90.9,91.9,99.6,33,37,29.1,67.3,32,41.1,15.1,60.1,33,70.7,31.9,56.9,99.9,100,99,99.9,100,100,100,51.5,39.5,25.7,38.1,11.1,49.9,34,33.5,93.6,44.3,0,0.2,0.1,0.5,65.5,74,48.3,9.9
"ROCK2",66.6,83.5,97.7,75,23,29.7,83.7,84.3,29.2,77.8,53.7,58.8,84.5,55.7,28.1,92.4,59.7,79.1,78.7,79,59.7,95,99.8,48.4,79.2,54.4,97.7,86.6,95.7,99.9,96.6,99.8,94.9,67.8,99.9,96.8,52.8,59.7,52.7,21.7,65,29.4,89.4,53.4,81.3,55,64.1,99.3,99.9,99.9,99.7,99.4,1.6,98.7,99,93.5,97.9,6.2,3.3,7.7,1.5,5.8,72.6,41.8,50.8,83.1,62.5,80.3,91.1,94.1,94.5,34.9,42.4,89,57.2,89.4,98,67.7,70.8,38.4,61.9,69.3,21.9,78.6,48.2,0.7,31.8,87,99.4,6.1,17.1,99.9,10.8,1.4,95.7,0,0.2,0.1,1.6,28.7,16,37,13.6
"Ron",46.5,32.9,92.1,98.5,0.1,0.3,NA,NA,NA,NA,3.8,5.1,92.8,82,8.7,NA,NA,NA,NA,NA,NA,NA,NA,NA,NA,NA,NA,NA,NA,NA,NA,NA,NA,NA,48.2,NA,99.8,NA,48.6,5.9,46.3,34.9,NA,2.4,0.1,NA,NA,99,38.5,32,33.3,10.8,13.3,97.5,42.7,99.6,49.5,97.9,97.9,97.9,NA,74.8,NA,NA,NA,NA,40.7,78.5,27.2,15.4,5.5,54.1,60.5,42.1,26.4,86.9,57.9,82.4,99.6,99.6,99.7,100,99,99.6,86.5,100,93,91.4,78.7,83.7,84.5,35.4,23.3,35.1,9.6,NA,NA,NA,NA,NA,NA,NA,NA
"RSK2",98.1,98.4,99.6,70.3,11.1,1.9,41.8,98.4,86.7,66.6,8.1,25.6,97.9,5.4,0.1,99.3,100,98.1,33.1,2.2,50.7,64.3,82.8,69.9,10.3,78.1,91.5,97.5,98.8,99.5,86,75.4,37.4,26.2,17.3,69.9,82,91.4,48.2,92.3,87.4,100,100,7,75.4,69.3,1.1,93.8,25.1,94.4,91.9,67.8,0,99.9,94.9,100,93,34.9,38.5,53.2,3.3,53.6,59.7,0.2,1.9,8,30.8,35.7,91.6,100,95.3,97.2,100,62.4,1.6,34.1,93.7,92.4,83.2,97.5,87.7,58.3,86.6,48.8,97.1,96.7,5,0,0.1,0.6,0.3,0.1,19.9,99.7,52.7,67.4,29,62.9,40.2,98.8,89.5,94.2,60.4
"RSK3",9,64.3,91,36.6,20.3,5.9,100,96.8,93.1,25,2.1,25.5,98.2,84,2.1,99.3,76,96.7,80.7,4.3,19.2,23.7,60.7,68.5,16.5,73.3,92.6,87.9,91.2,97.8,68.8,73.7,14.5,33.2,92.9,87.7,98,91.7,18.2,34.9,61.7,83.7,99.9,0.7,20.5,15.1,40.2,100,100,100,99.6,99.9,0,99.8,87.3,99.3,84.3,37.2,5,18.5,26.8,62,66.8,0.4,12.3,0.4,0.7,1.2,65.6,99.8,48.4,59.6,87.4,9.8,16.6,67.7,92.6,95.4,53.3,97.5,22.2,13.6,82.1,65.8,95.9,97.6,41.6,0.2,52.9,20.6,12.8,43.9,33.3,100,57.6,12.1,4.8,7.5,0.9,70.2,98,89.8,26.1
"SGK1",30.8,21,81,41.8,5.3,17.2,22.4,3.1,11.7,94.6,0,1.7,45.3,3.7,9,5.6,87.8,96.3,55.3,82.2,90.7,89.2,55,90.7,68.1,97.7,61.5,92.1,78.6,92,81.8,48.6,78.6,44.9,74.4,55,69.3,24.2,98.2,100,1.5,92.1,73.4,43.5,48.9,5.7,91.6,79.8,91,97.4,8.3,68.3,0,85.5,99.7,88.8,94.7,68.3,19.6,62.7,0.3,69.1,17.3,96.6,99.8,71.2,73.7,93.8,68.6,90.6,55.8,94.1,73,96.2,61.3,57.5,33.6,40.9,97.4,99.6,92.5,99.9,100,95.9,99.7,98.1,52.8,11.6,44.7,59.6,12.2,45,83.9,41.8,33.3,44.7,3.5,0.8,3.4,34.7,15.7,14.8,2
"SGK2",32.4,22.9,70.9,66.7,45.2,65.7,47.8,37.6,56.9,85.5,1.2,29,29.2,69.2,60.7,11.7,74.1,83.2,53.9,60.1,27.7,25.8,64,73.3,54.5,31.8,39.8,48.6,34.3,41.9,57.1,44.8,NA,44,52.1,63.7,44.6,59.9,36.9,26.9,80.7,79.8,65.5,NA,NA,NA,99.2,61.1,41.9,69.5,39.1,76.5,40.3,47.3,75.8,55.2,69,79.9,87.3,88,16,39.3,32.7,31.5,30.7,19.2,53.7,42.8,48,53.5,67.4,63.3,79.8,95.2,67.9,70.6,24.3,37.8,99.7,99.7,99.9,99.8,99.7,100,99.5,100,49.6,25.8,57.4,42.6,37.8,46.6,74.1,46.5,41,23.9,0.4,0.1,1,20.3,5.9,19,3.1
"SGK3",53.8,30.1,75.6,43.6,18.4,30.5,80.9,39.4,66.1,77.7,0,11.4,37.1,49.8,40.9,26.1,85.8,63.1,52.4,50.9,29.8,25.9,55.4,41,37.4,83.5,42,49.3,46.7,68,86.1,77.5,93.6,53.6,52.1,46,56.2,59.9,16,15.6,60.4,97.4,72.8,10.9,40.1,47.3,97.5,53.8,48.1,74.6,28.4,81.6,30.7,64.1,91.6,84.5,91.6,66.5,86.1,96.4,14.9,32.2,23.7,100,100,75.4,18.6,16.2,35.7,34.4,58.2,58.1,68.3,78.6,55.2,67.4,4.9,7.1,98.9,99.3,95.3,84.4,99.5,99.6,99.4,99.8,51.4,23.6,67,55.2,50.4,60.7,79.2,29.9,51.2,45,1.7,0.5,1.3,17.2,5.7,21.8,3.4
"SLK",34.3,14.5,51.7,34,61.1,98.9,45.5,83.3,66.5,100,22,92.6,NA,NA,NA,29.1,72.9,30.6,33.8,30.4,22,54.7,68.9,21.2,74.4,23.3,NA,NA,NA,NA,37.2,58.2,98.9,NA,NA,NA,1.1,NA,51.1,2.9,92.4,18.8,0,NA,NA,90,79.1,73,99.1,98.7,95.2,97.9,27.9,38.5,67.6,31.8,62.3,14,4.3,10.3,4,30.1,69.6,26.5,50.9,30.2,6,3.1,10.5,44.3,13.5,3.3,3.7,17,4.9,8.9,70.9,19.9,18.3,91.5,42.5,85.1,83.5,12.1,75.5,97.8,98.8,87.7,94.4,96.7,94.2,76.8,21.9,48.7,3.5,17.2,2.1,5.4,20,32.8,16.2,30.1,33.6
"Src",28.2,6.5,33.1,86.7,0,0,36.8,89.4,53.5,3.1,5.1,7.8,100,98.2,2.2,99.2,100,99.2,65,95.1,16.9,92.7,92,84.7,98.5,100,0,0.1,0,0,0,14.8,70.5,81.9,0.4,88.4,99.8,NA,24.4,24.1,59,18.6,98.3,0,0.5,62,77.3,99.4,0,0,9.7,2.2,0.1,99,39.3,100,75,93.2,56.3,73.1,92.6,71.3,54,55,63.1,29.5,75.1,86.9,51.1,98.3,60.7,98.3,99.4,31.2,78.1,77,84.6,40.6,13.7,29.2,18.3,15.9,26.5,8.5,35.6,10.7,95.1,56.6,17.4,73.7,8.8,5.9,40.6,1.4,8.1,51.7,67.2,33.3,1,44.7,15.8,31.6,0.1
"Srm",58.7,4.7,26.1,48.8,0,0,84.7,81.5,76.8,46,13.2,0.1,100,100,88.1,99.7,99.5,77.2,11.6,77.7,70.8,84.4,99.3,89.1,45.9,94.2,0,0.3,0,0.1,0.9,54.3,76.2,92,0.1,94.1,98.3,2.6,29.5,11.2,95.8,35.1,97.7,0.5,0.2,89.5,33.4,95.8,0,0,9.1,0,0,99.6,39.4,99.7,81.4,56.8,2.5,12.4,55.5,69.4,16.9,100,3.3,74,15.6,13.4,7.6,10.8,11.9,54.1,84.2,29.4,9.8,20.3,65.7,70.6,3.9,65,84.6,55,43.4,57,72.8,95.3,81.2,56.3,6.3,60.9,12.4,2.3,58.2,19.8,10,82.7,86.3,79.3,41.4,12.1,24.8,20.1,0
"Tec",59.2,4.8,26.4,51.6,0,0,84.7,85.3,75.9,34.5,6,0.1,100,100,87.3,99.7,99.3,76.8,10.9,77.2,70.4,84.2,99.1,87.6,51.2,94.4,0,0.4,0,0,0.5,53.3,76.2,91.2,0.1,94,98.4,2.5,28,11.6,95.7,35.5,98.1,0.5,0.1,93.1,35.8,97,0,0,7.1,0,0,99.4,30.5,99.5,76.3,54.5,1.6,15.6,62.3,73.8,17.4,100,3.3,73.9,13.9,12.8,7.6,9.2,11.2,50.8,82.6,29.2,8.7,19.1,64.6,71,4.5,66.6,86.8,56.3,44.7,61,73.4,96.3,81,54.6,5.7,59.9,9.8,2.1,58.6,14,10.1,82.5,86.2,79.1,41.1,12,24.6,19.7,0
"TGFbR2",39.8,4.5,10.4,98.9,63.4,71.2,70.9,8.5,12.9,62.5,57.8,74.9,25.7,36.6,22.7,30.1,65.3,83.1,53.3,63,31.9,22.5,44.8,63.4,38.7,2.3,41.2,79.1,59.3,74.3,74.6,34.9,98.9,84.5,24.2,37,98.7,65.2,3.2,0.4,98.2,75.9,99.2,100,99.7,48,95.6,68.3,99.7,99.4,95.6,99.6,3.3,77.2,72.4,14.9,10.2,52.4,37.7,19.2,75.6,96.9,4.9,57.8,64.6,43.9,1.2,0.7,6.2,39.4,3.7,5.9,9.2,30.3,0.3,56.3,3.8,9.4,3.1,1.3,22.9,7,8.4,10.4,7.8,24.7,88,45,58.8,39.2,32.2,51.9,18.2,14.6,79.3,45.2,31.6,58.2,32.8,3,17.2,17.9,31
"TLK1",84,39.5,13.5,2.3,73.3,70.3,7.6,67.5,87.6,79.4,73.4,58.4,25.3,30.8,81.6,7.6,47.9,97.1,99.2,94.4,85.7,77.9,50.9,91.9,73.2,23.8,87.6,62.6,54.4,80.3,55.1,56.2,NA,NA,11.2,10.2,46.5,15.2,35.7,21.9,91,61,19.7,60.9,74.5,89.4,65.6,83.6,98.8,3.1,93.9,100,99.9,39.9,46.7,33.1,6.3,28.2,31.2,8.3,28.1,80.9,81.3,14.4,53.5,63.6,3.1,5.8,9.6,13.9,6.3,4.1,17.2,76.8,18.9,20.3,30.6,92.8,95.7,98.2,100,99.9,94.6,99.7,37,58.1,91.2,41.9,91.5,32,73.8,86.8,3.2,89.5,11.3,28.5,33.9,34,26.5,34,44.7,61.6,6.1
"TLK2",41.1,19.5,4.2,0.8,92.8,78.9,22.3,80.8,92.8,74.2,68,84,18.8,22.6,81.2,5.9,19.9,91.1,98,100,98.9,98.1,69.5,99.9,98.6,66.6,83.6,57.2,64.2,72.7,55.2,52.2,98.6,NA,38.3,23.6,50.8,NA,47.6,73.6,99.8,98.3,43.1,67.4,75.5,73.2,89.2,99.9,NA,NA,NA,NA,NA,81.6,32.3,67.9,14,23.4,57.6,18.8,16.5,83.4,50.4,17,48,71.3,5.9,44.2,66.5,53.4,59.3,21.9,74.4,91.5,68.7,52.1,42.3,55.5,68.1,96.9,98.2,60.9,84.1,85.2,43.9,92.7,92.9,48.5,77.3,81.2,66.4,48.6,23.7,93,53.2,81.7,88,86.1,92.4,36,25.1,94.4,46.1
"TNIK",96.4,63.2,36.4,83,72.7,65.6,16.5,71.7,68.2,40.1,82,51.7,41.1,55.7,25.4,35.4,54,62.5,1.5,8.3,4.6,7,13.3,92.7,86.5,0.4,81,50.9,80.2,73.7,72.4,44.9,80,46.6,4.4,95.9,89,32.5,89.2,67,8.8,82.2,52.3,6.5,35.3,97,65,62.7,11.6,27.1,28.4,0,24.9,40.4,14.3,42.6,31.6,62,41.7,52.8,96.5,35.8,16.1,56.2,74.1,58.9,39.6,4.3,23.2,27.5,19.4,38.4,70.4,6.8,15.1,74.7,28.5,8.8,11.4,2,22.5,23.9,4.4,38.4,11.3,2.1,59.8,79.1,69.7,67.6,68.6,80.1,61.8,34.2,79.3,3.6,4.4,4.8,0.4,91.6,20.4,10.2,5.4
"TRKA",NA,NA,NA,NA,0.6,0.3,NA,NA,NA,NA,0,0.6,100,97.8,12.9,94.9,100,100,NA,NA,NA,NA,12.2,NA,NA,100,12.6,13,22.6,24.2,NA,NA,NA,NA,NA,NA,NA,NA,54,4.5,85.7,NA,NA,NA,NA,40.2,61.8,97.3,65,34,74.7,39.3,27.2,93.1,55.7,97.6,35.1,70.2,67.1,72.2,11,74.8,NA,NA,NA,NA,NA,NA,NA,NA,NA,NA,NA,NA,NA,NA,NA,NA,NA,NA,NA,NA,NA,NA,NA,NA,NA,98.8,35.4,NA,79.9,34.5,NA,34.5,33.4,NA,NA,NA,NA,NA,NA,NA,NA
"TRKB",NA,NA,NA,NA,1,0.2,NA,77.3,79,28.4,0.4,0.3,NA,NA,NA,NA,NA,NA,NA,NA,NA,NA,88,NA,NA,99.7,NA,NA,NA,NA,NA,NA,NA,NA,NA,NA,NA,NA,48.6,3.2,NA,NA,NA,NA,NA,97.3,85.1,96.2,59.3,37.6,62.1,25.5,59.2,90.1,31.7,97.5,73.4,57,35.9,29.2,NA,74.8,NA,NA,NA,NA,NA,NA,NA,NA,NA,NA,NA,NA,NA,NA,NA,NA,NA,NA,NA,NA,NA,NA,NA,NA,27.8,18.1,19.3,16.3,24.2,10.5,10.1,57.5,3.6,NA,NA,NA,NA,NA,NA,NA,NA
"TRKC",NA,NA,NA,NA,1.6,0.3,NA,NA,NA,NA,12.6,16.9,NA,NA,NA,NA,NA,NA,NA,NA,NA,NA,NA,NA,NA,NA,12.6,13,4.6,13.2,NA,NA,NA,NA,NA,NA,NA,NA,NA,NA,NA,NA,NA,NA,NA,90,NA,15.4,74.7,48.4,80.2,55.4,22.8,85.3,41.1,95.1,32.5,70.2,67.1,72.2,NA,NA,NA,NA,NA,NA,NA,NA,NA,NA,NA,NA,NA,NA,NA,NA,NA,NA,NA,NA,NA,NA,NA,NA,NA,NA,NA,NA,NA,NA,NA,NA,NA,NA,NA,NA,NA,NA,NA,NA,NA,NA,NA
"TTK",1,3.1,0,0.1,72.4,99.9,92.2,98.9,52.2,94.4,58.4,99.3,29.3,31.6,26.9,36.7,20.6,48.5,81.2,63.2,46,32.2,0.8,41.4,90.5,3.7,95.5,52.4,81.4,87.8,98.9,97.8,40.9,53,14.9,0,1.7,30.8,0.7,0,14.2,1.9,0,79.8,6.1,100,55.8,70.3,85.2,95.4,88.1,0,0.8,100,96.3,45.6,2.5,36.7,27.6,18.3,0,0,100,99.9,47.3,100,1.9,20,0.3,0,0.2,4.7,0,25.2,0.1,8.3,66.8,53.5,80.1,3.4,100,65.1,17.9,62.1,1.8,4.8,100,100,100,100,100,100,90.1,98.3,93,0.8,1.3,1.1,4.8,90.5,92.2,79.3,94.6
"TXK",61.6,5.6,27.2,50.1,0,0,84.7,85.3,76,34.1,8.3,0.3,100,100,88.1,99.7,99.3,76.8,10.9,77.2,70.4,84.2,99.1,87.6,51.2,94.4,0,0.4,0,0,0.5,53.3,76.2,91.2,0.1,94,98.4,2.5,28.3,11,95.5,35.5,98.1,0.8,0.1,90.2,34.9,97,0,0,6.3,0,0,99.4,30.5,99.5,76.7,57.4,3.1,13.9,54,70.8,17,100,3.3,73.9,13.9,12.8,7.6,9.2,11.2,50.8,82.6,29.2,8.7,19.1,64.6,71,4.5,66.6,86.8,56.3,44.7,61,73.4,96.3,81,54.6,5.7,59.9,9.8,2.1,58.6,14,10.1,82.5,86.2,79.1,41.1,12,24.6,19.7,0
"Tyk2",71.6,59.2,65.4,70.3,2.6,8.7,46.4,59.9,68.2,40.8,10.4,6.6,100,NA,NA,NA,NA,NA,NA,NA,NA,NA,88,NA,NA,78.1,1.8,14.8,3.5,3.7,4.6,27.7,NA,NA,NA,NA,NA,NA,48.6,3.2,NA,NA,90.4,1.8,1.8,98.9,81.5,99.3,38.3,28.8,54.8,35.6,89.4,97.2,6.8,100,89.7,28.8,28.5,71.7,65.4,29,NA,NA,NA,NA,93.5,66.8,19.1,98.9,42.1,98.9,97.9,9.8,80.4,44.2,42.3,86,11.2,43.6,16.1,12.2,62.6,1.3,38.7,14.3,98.5,95.8,97.7,47.4,57.9,40.8,1.7,3.8,0.8,56.9,69.8,70.7,16.4,99.4,33.8,90,2.5
"Yes",63,5.3,34.1,63.7,0,0,83.9,83.8,79.8,50,32.4,1.9,100,99.9,87.2,99.7,99.8,82.5,13.2,80.2,67.6,85.6,99,82.4,34.2,97.2,0,0.1,0,0,0.1,23.3,76.7,91.5,2.8,93.2,99.9,2.6,38.6,19.1,97,29.3,97.9,0.2,0.1,88.8,31.7,95.2,0,0,6.3,0,0,98.8,36.3,99.7,81.5,51.7,2.1,14.2,48.5,71.8,16,100,3.7,75.6,13.2,11.7,7.6,6.7,9.8,44.6,81,30.4,4.3,16.5,57,71.2,5,68.9,88.4,58.7,47.3,67.1,75.7,97.7,72.7,53.2,6.9,43,17.1,3.2,42.9,43.5,9.8,85.7,87.5,79.2,38,15.6,23.9,18.9,0
"YSK1",2.1,2.8,13.1,32.2,61.8,99,0.4,87.1,93.6,48.9,31,76.3,43.3,9.3,40.3,11.9,51.9,87.4,9.4,72.5,41.8,49,55.2,80.3,87.2,6.6,NA,NA,NA,NA,NA,NA,NA,NA,45.9,97.2,90.4,35.4,1.3,5.4,9,37.3,47.9,NA,NA,4.6,61.9,11.7,85.8,82.1,28.9,48.2,0.6,85.4,98.2,59.3,92.1,88,67.6,76.5,35.8,97.2,2.3,96,98.6,79.1,56.8,85.1,84.5,56.9,82.6,87.6,79.5,70.2,78.8,86.9,67.9,17.3,95.8,5.7,3.7,38.4,88.7,18.2,91.7,6,97.7,95.2,76.3,69.7,17.9,79,2.9,2.1,54.2,NA,NA,NA,NA,96.9,17.1,63.1,79.8
